Player,Age,Team,Lg,WAR,G,PA,AB,R,H,2B,3B,HR,RBI,SB,CS,BB,SO
Andre Dawson,32,CHC,NL,4.0,153,662,621,90,178,24,2,49,137,11,3,32,103
Mark McGwire,23,OAK,AL,5.1,151,641,557,97,161,28,4,49,118,1,1,71,131
George Bell,27,TOR,AL,5.0,156,667,610,111,188,32,4,47,134,5,1,39,75
Dale Murphy,31,ATL,NL,7.7,159,693,566,115,167,27,1,44,105,16,6,115,136
Darryl Strawberry*,25,NYM,NL,6.4,154,640,532,108,151,32,5,39,104,36,12,97,122
Eric Davis,25,CIN,NL,7.9,129,562,474,120,139,23,4,37,100,50,6,84,134
Howard Johnson#,26,NYM,NL,4.4,157,645,554,93,147,22,1,36,99,32,10,83,113
Jack Clark,31,STL,NL,5.4,131,559,419,93,120,23,1,35,106,1,2,136,139
Will Clark*,23,SFG,NL,4.2,150,588,529,89,163,29,5,35,91,5,17,49,98
Mike Schmidt,37,PHI,NL,6.1,147,613,522,88,153,28,0,35,113,2,1,83,80
Darrell Evans*,40,DET,AL,4.9,150,609,499,90,128,20,0,34,99,6,5,100,84
Dwight Evans,35,BOS,AL,4.8,154,657,541,109,165,37,2,34,123,4,6,106,98
Kent Hrbek*,27,MIN,AL,4.0,143,566,477,85,136,20,1,34,90,5,2,84,60
Wally Joyner*,25,CAL,AL,4.1,149,653,564,100,161,33,1,34,117,8,2,72,64
Danny Tartabull,24,KCR,AL,2.2,158,667,582,95,180,27,3,34,101,9,4,79,136
Cory Snyder,24,CLE,AL,-0.4,157,615,577,74,136,24,2,33,82,5,1,31,166
Tom Brunansky,26,MIN,AL,2.5,155,614,532,83,138,22,2,32,85,11,11,74,104
Joe Carter,27,CLE,AL,1.5,149,629,588,83,155,27,2,32,106,31,6,27,105
Brook Jacoby,27,CLE,AL,4.2,155,620,540,73,162,26,4,32,69,2,3,75,73
Matt Nokes*,23,DET,AL,3.4,135,508,461,69,133,14,2,32,87,2,1,35,70
Mike Pagliarulo*,27,NYY,AL,1.6,150,582,522,76,122,26,3,32,87,1,3,53,111
Larry Parrish,33,TEX,AL,1.2,152,613,557,79,149,22,1,32,100,3,1,49,154
José Canseco,22,OAK,AL,1.6,159,691,630,81,162,35,3,31,113,15,3,50,157
Gary Gaetti,28,MIN,AL,2.4,154,628,584,95,150,36,2,31,109,10,7,37,92
Larry Sheets*,27,BAL,AL,2.5,135,508,469,74,148,23,0,31,94,1,1,31,67
Don Mattingly*,26,NYY,AL,5.1,141,630,569,93,186,38,2,30,115,1,4,51,38
Eddie Murray#,31,BAL,AL,3.9,160,694,618,89,171,28,3,30,91,1,2,73,80
Rubén Sierra#,21,TEX,AL,1.0,158,696,643,97,169,35,4,30,109,16,11,39,114
Alvin Davis*,26,SEA,AL,2.1,157,662,580,86,171,37,2,29,100,0,0,72,84
Brian Downing,36,CAL,AL,4.0,155,695,567,110,154,29,3,29,77,5,5,106,85
Kevin McReynolds,27,NYM,NL,2.6,151,639,590,86,163,32,5,29,95,14,1,39,70
Jesse Barfield,27,TOR,AL,4.7,159,654,590,89,155,25,3,28,84,3,5,58,141
Iván Calderón,25,CHW,AL,4.2,144,607,542,93,159,38,2,28,83,10,5,60,109
Rob Deer,26,MIL,AL,2.0,134,566,474,71,113,15,2,28,80,12,4,86,186
Kirby Puckett,27,MIN,AL,4.2,157,668,624,96,207,32,5,28,99,12,7,32,91
Player,Age,Team,Lg,WAR,G,PA,AB,R,H,2B,3B,HR,RBI,SB,CS,BB,SO
Juan Samuel,26,PHI,NL,3.7,160,726,655,113,178,37,15,28,100,35,15,60,162
Alan Trammell,29,DET,AL,8.2,151,668,597,109,205,34,3,28,105,21,2,60,47
Glenn Davis,26,HOU,NL,1.7,151,635,578,70,145,35,2,27,93,4,1,47,84
Leon Durham*,29,CHC,NL,1.4,131,492,439,70,120,22,1,27,63,2,2,51,92
Pedro Guerrero,31,LAD,NL,4.7,152,630,545,89,184,25,2,27,89,9,7,74,85
Pete Incaviglia,23,TEX,AL,2.1,139,563,509,85,138,26,4,27,80,9,3,48,168
Keith Moreland,33,CHC,NL,1.4,153,614,563,63,150,29,1,27,88,3,3,39,66
Ken Phelps*,32,SEA,AL,2.5,120,424,332,68,86,13,1,27,68,1,1,80,75
Cal Ripken Jr.,26,BAL,AL,3.3,162,717,624,97,157,28,3,27,98,3,5,81,77
Ozzie Virgil,30,ATL,NL,2.0,123,486,429,57,106,13,1,27,72,0,1,47,81
Greg Walker*,27,CHW,AL,1.9,157,652,566,85,145,33,2,27,94,2,1,75,112
Dave Winfield,35,NYY,AL,1.8,156,655,575,83,158,22,1,27,97,5,6,76,96
Kal Daniels*,23,CIN,NL,4.2,108,430,368,73,123,24,1,26,64,26,8,60,62
Lloyd Moseby*,27,TOR,AL,4.0,155,670,592,106,167,27,4,26,96,39,7,70,124
Dave Parker*,36,CIN,NL,-1.2,153,647,589,77,149,28,0,26,97,7,3,44,104
Tim Wallach,29,MON,NL,4.3,153,644,593,89,177,42,4,26,123,9,5,37,98
Barry Bonds*,22,PIT,NL,5.8,150,611,551,99,144,34,9,25,59,32,10,54,88
Dale Sveum#,23,MIL,AL,0.6,153,586,535,86,135,27,3,25,95,2,6,40,133
Steve Balboni,30,KCR,AL,-0.9,121,425,386,44,80,11,1,24,60,0,0,34,97
Wade Boggs*,29,BOS,AL,8.3,147,667,551,108,200,40,6,24,89,1,3,105,48
Chili Davis#,27,SFG,NL,1.6,149,578,500,80,125,22,1,24,76,16,9,72,109
Kirk Gibson*,30,DET,AL,4.3,128,568,487,95,135,25,3,24,79,26,7,71,117
Jim Presley,25,SEA,AL,1.1,152,622,575,78,142,23,6,24,88,2,0,38,157
Devon White#,24,CAL,AL,5.6,159,696,639,103,168,33,5,24,87,32,11,39,135
Carlton Fisk,39,CHW,AL,3.1,135,508,454,68,116,22,1,23,71,1,4,39,72
Jack Howell*,25,CAL,AL,2.4,138,511,449,64,110,18,5,23,64,4,3,57,118
Fred Lynn*,35,BAL,AL,1.0,111,438,396,49,100,24,0,23,60,3,7,39,72
Pete O'Brien*,29,TEX,AL,3.3,159,638,569,84,163,26,1,23,88,0,4,59,61
George Brett*,34,KCR,AL,2.7,115,508,427,71,124,18,2,22,78,6,3,72,47
Mike Davis*,28,OAK,AL,1.3,139,547,494,69,131,32,1,22,72,19,7,42,94
Nick Esasky,27,CIN,NL,0.8,100,378,346,48,94,19,2,22,59,0,0,29,76
Bo Jackson,24,KCR,AL,0.0,116,434,396,46,93,17,2,22,53,10,4,30,158
Kevin Mitchell,25,2TM,NL,3.9,131,515,464,68,130,20,2,22,70,9,6,48,88
Kevin Mitchell,25,SDP,NL,1.0,62,217,196,19,48,7,1,7,26,0,0,20,38
Kevin Mitchell,25,SFG,NL,3.0,69,298,268,49,82,13,1,15,44,9,6,28,50
Player,Age,Team,Lg,WAR,G,PA,AB,R,H,2B,3B,HR,RBI,SB,CS,BB,SO
John Shelby#,29,2TM,2LG,2.1,141,552,508,65,138,26,0,22,72,16,7,32,110
John Shelby#,29,BAL,AL,-0.2,21,34,32,4,6,0,0,1,3,0,1,1,13
John Shelby#,29,LAD,NL,2.2,120,518,476,61,132,26,0,21,69,16,6,31,97
Von Hayes*,28,PHI,NL,3.6,158,681,556,84,154,36,5,21,84,16,7,121,77
Andy Van Slyke*,26,PIT,NL,5.5,157,632,564,93,165,36,11,21,82,34,8,56,122
Robin Yount,31,MIL,AL,3.3,158,723,635,99,198,25,9,21,103,19,9,76,94
Harold Baines*,28,CHW,AL,1.7,132,554,505,59,148,26,4,20,93,0,0,46,82
Ellis Burks,22,BOS,AL,2.9,133,606,558,94,152,30,2,20,59,27,6,41,98
Gary Carter,33,NYM,NL,1.0,139,573,523,55,123,18,2,20,83,0,0,42,73
John Kruk*,26,SDP,NL,3.8,138,527,447,72,140,14,2,20,91,18,10,73,93
Chet Lemon,32,DET,AL,3.9,146,553,470,75,130,30,3,20,75,0,0,70,82
Candy Maldonado,26,SFG,NL,2.9,118,489,442,69,129,28,4,20,85,8,8,34,78
Fred McGriff*,23,TOR,AL,1.4,107,356,295,58,73,16,0,20,43,3,2,60,104
Kevin Bass#,28,HOU,NL,2.8,157,654,592,83,168,31,5,19,85,21,8,53,77
Jody Davis,30,CHC,NL,1.5,125,485,428,57,106,12,2,19,51,1,2,52,91
Mike Greenwell*,23,BOS,AL,3.6,125,456,412,71,135,31,6,19,89,5,4,35,40
Carney Lansford,30,OAK,AL,5.2,151,631,554,89,160,27,4,19,76,27,8,60,44
Jeffrey Leonard,31,SFG,NL,0.9,131,531,503,70,141,29,4,19,63,16,7,21,68
Ernie Whitt*,35,TOR,AL,2.6,135,494,446,57,120,24,1,19,75,0,1,44,50
Bob Brenly,33,SFG,NL,3.2,123,436,375,55,100,19,1,18,51,10,7,47,85
Mel Hall*,26,CLE,AL,0.7,142,508,485,57,136,21,1,18,76,5,4,20,68
Keith Hernandez*,33,NYM,NL,3.4,154,676,587,87,170,28,2,18,89,0,2,81,104
Terry Kennedy*,31,BAL,AL,1.6,143,549,512,51,128,13,1,18,62,1,0,35,112
Tim Raines#,27,MON,NL,6.7,139,627,530,123,175,34,8,18,68,50,5,90,52
Benito Santiago,22,SDP,NL,3.4,146,572,546,64,164,33,2,18,79,21,12,16,112
Buddy Bell,35,CIN,NL,1.8,143,597,522,74,148,19,2,17,70,4,1,71,39
Rickey Henderson,28,NYY,AL,4.7,95,440,358,78,104,17,3,17,37,41,8,80,52
Chris James,24,PHI,NL,2.8,115,391,358,48,105,20,6,17,54,3,1,27,67
Lance Parrish,31,PHI,NL,0.4,130,518,466,42,114,21,0,17,67,0,1,47,104
Dan Pasqua*,25,NYY,AL,0.0,113,362,318,42,74,7,1,17,42,0,2,40,99
Frank White,36,KCR,AL,2.8,154,624,563,67,138,32,2,17,78,1,3,51,86
Bill Madlock,36,2TM,2LG,1.0,108,445,387,61,102,18,0,17,57,4,3,34,50
Bill Madlock,36,LAD,NL,-0.4,21,69,61,5,11,1,0,3,7,0,0,6,5
Bill Madlock,36,DET,AL,1.4,87,376,326,56,91,17,0,14,50,4,3,28,45
Don Baylor,38,2TM,AL,0.4,128,467,388,67,95,9,0,16,63,5,3,45,59
Player,Age,Team,Lg,WAR,G,PA,AB,R,H,2B,3B,HR,RBI,SB,CS,BB,SO
Don Baylor,38,BOS,AL,0.4,108,409,339,64,81,8,0,16,57,5,2,40,47
Don Baylor,38,MIN,AL,-0.1,20,58,49,3,14,1,0,0,6,0,1,5,12
Doug DeCinces,36,2TM,2LG,1.3,137,539,462,66,108,25,0,16,64,3,4,70,89
Doug DeCinces,36,CAL,AL,1.4,133,530,453,65,106,23,0,16,63,3,4,70,87
Doug DeCinces,36,STL,NL,-0.1,4,9,9,1,2,2,0,0,1,0,0,0,2
Mike Diaz,27,PIT,NL,0.9,103,283,241,28,58,8,2,16,48,1,0,31,42
Bill Doran#,29,HOU,NL,4.7,162,719,625,82,177,23,3,16,79,31,11,82,64
Tim Laudner,29,MIN,AL,-0.4,113,317,288,30,55,7,1,16,43,1,0,23,80
Mike Marshall,27,LAD,NL,0.4,104,428,402,45,118,19,0,16,72,0,5,18,79
Paul Molitor,30,MIL,AL,6.0,118,542,465,114,164,41,5,16,75,45,10,69,67
Ryne Sandberg,27,CHC,NL,2.4,132,587,523,81,154,25,2,16,59,21,2,59,79
Terry Steinbach,25,OAK,AL,3.5,122,438,391,66,111,16,3,16,56,1,2,32,66
Franklin Stubbs*,26,LAD,NL,-0.8,129,423,386,48,90,16,3,16,52,8,1,31,85
Gary Ward,33,NYY,AL,-0.1,146,569,529,65,131,22,1,16,78,9,1,33,101
Lou Whitaker*,30,DET,AL,3.6,149,684,604,110,160,38,6,16,59,13,5,71,108
Mike Young#,27,BAL,AL,0.6,110,412,363,46,87,10,1,16,39,10,7,46,91
Bobby Bonilla#,24,PIT,NL,2.9,141,515,466,58,140,33,3,15,77,3,5,39,64
Bo Díaz,34,CIN,NL,2.4,140,530,496,49,134,28,1,15,82,1,0,19,73
Jim Dwyer*,37,BAL,AL,1.5,92,281,241,54,66,7,1,15,33,4,1,37,57
Reggie Jackson*,41,OAK,AL,-0.4,115,374,336,42,74,14,1,15,43,2,1,33,97
Carmelo Martínez,26,SDP,NL,1.5,139,525,447,59,122,21,2,15,70,5,5,70,82
Kevin Seitzer,25,KCR,AL,5.5,161,725,641,105,207,33,8,15,83,12,7,80,85
Willie Upshaw*,30,TOR,AL,1.6,150,577,512,68,125,22,4,15,58,10,11,58,78
Mitch Webster#,28,MON,NL,3.3,156,676,588,101,165,30,8,15,63,33,10,70,95
Alan Ashby#,35,HOU,NL,2.4,125,447,386,53,111,16,0,14,63,0,1,50,52
Phil Bradley,28,SEA,AL,3.4,158,702,603,101,179,38,10,14,67,40,10,84,119
Mickey Brantley,26,SEA,AL,1.1,92,378,351,52,106,23,2,14,54,13,4,24,44
Hubie Brooks,30,MON,NL,0.2,112,459,430,57,113,22,3,14,72,4,3,24,72
Bob Brower,27,TEX,AL,1.4,127,349,303,63,79,10,3,14,46,15,9,36,66
Cecil Fielder,23,TOR,AL,0.4,82,197,175,30,47,7,1,14,32,0,1,20,48
Ken Gerhart,26,BAL,AL,0.5,92,310,284,41,69,10,2,14,34,9,2,17,53
Ken Griffey*,37,ATL,NL,1.4,122,451,399,65,114,24,1,14,64,4,7,46,54
Sam Horn*,23,BOS,AL,0.9,46,177,158,31,44,7,0,14,34,0,1,17,55
Ray Knight,34,BAL,AL,0.5,150,609,563,46,144,24,0,14,65,0,0,39,90
Oddibe McDowell*,24,TEX,AL,1.9,128,463,407,65,98,26,4,14,52,24,2,51,99
Player,Age,Team,Lg,WAR,G,PA,AB,R,H,2B,3B,HR,RBI,SB,CS,BB,SO
Rafael Palmeiro*,22,CHC,NL,0.7,84,244,221,32,61,15,1,14,30,2,2,20,26
Bill Schroeder,28,MIL,AL,2.3,75,270,250,35,83,12,0,14,42,5,2,16,56
Tim Teufel,28,NYM,NL,3.5,97,351,299,55,92,29,0,14,61,3,2,44,53
Glenn Wilson,28,PHI,NL,1.3,154,614,569,55,150,21,2,14,54,3,6,38,82
Tony Bernazard#,30,2TM,AL,0.3,140,573,507,73,127,26,2,14,49,11,8,55,79
Tony Bernazard#,30,CLE,AL,-0.1,79,324,293,39,70,12,1,11,30,7,4,25,49
Tony Bernazard#,30,OAK,AL,0.3,61,249,214,34,57,14,1,3,19,4,4,30,30
Glenn Braggs,24,MIL,AL,1.0,132,565,505,67,136,28,7,13,77,12,5,47,96
Sid Bream*,26,PIT,NL,1.4,149,572,516,64,142,25,3,13,65,9,8,49,69
Greg Brock*,30,MIL,AL,1.8,141,602,532,81,159,29,3,13,85,5,4,57,63
Tom Brookens,33,DET,AL,0.3,143,490,444,59,107,15,3,13,59,7,4,33,63
Steve Buechele,25,TEX,AL,0.4,136,400,363,45,86,20,0,13,50,2,2,28,66
Andrés Galarraga,26,MON,NL,2.2,147,606,551,72,168,40,3,13,90,7,10,41,127
Jerry Mumphrey#,34,CHC,NL,2.5,118,346,309,41,103,19,2,13,44,1,1,35,47
Jim Rice,34,BOS,AL,0.2,108,459,404,66,112,14,0,13,62,1,1,45,77
Jim Morrison,34,2TM,2LG,1.4,130,504,465,56,116,23,2,13,65,10,6,29,83
Jim Morrison,34,PIT,NL,1.3,96,382,348,41,92,22,1,9,46,8,5,27,57
Jim Morrison,34,DET,AL,0.1,34,122,117,15,24,1,1,4,19,2,1,2,26
Luis Aguayo,28,PHI,NL,0.6,94,234,209,25,43,9,1,12,21,0,0,15,56
Kelly Gruber,25,TOR,AL,0.9,138,368,341,50,80,14,3,12,36,12,2,17,70
Ron Kittle,29,NYY,AL,0.2,59,173,159,21,44,5,0,12,28,0,1,10,36
Barry Larkin,23,CIN,NL,1.2,125,488,439,64,107,16,2,12,43,21,6,36,52
Vance Law,30,MON,NL,0.5,133,492,436,52,119,27,1,12,56,8,5,51,62
Terry Pendleton#,26,STL,NL,2.9,159,667,583,82,167,29,4,12,96,19,12,70,74
Gerald Perry*,26,ATL,NL,0.5,142,590,533,77,144,35,2,12,74,42,16,48,63
Rey Quiñones,23,SEA,AL,0.0,135,517,478,55,132,18,2,12,56,1,3,26,71
Randy Ready,27,SDP,NL,5.8,124,423,350,69,108,26,6,12,54,7,3,67,44
Gary Redus,30,CHW,AL,2.4,130,554,475,78,112,26,6,12,48,52,11,69,90
Dave Valle,26,SEA,AL,0.9,95,346,324,40,83,16,3,12,53,2,0,15,46
Chris Brown,25,2TM,NL,0.0,82,317,287,34,68,9,0,12,40,4,4,20,46
Chris Brown,25,SFG,NL,-0.3,38,144,132,17,32,6,0,6,17,1,3,9,16
Chris Brown,25,SDP,NL,0.3,44,173,155,17,36,3,0,6,23,3,1,11,30
Randy Bush*,28,MIN,AL,-0.3,122,349,293,46,74,10,2,11,46,10,3,43,49
Carmelo Castillo,29,CLE,AL,0.3,89,241,220,27,55,17,0,11,31,1,1,16,52
José Cruz*,39,HOU,NL,1.1,126,405,365,47,88,17,4,11,38,4,1,36,65
Player,Age,Team,Lg,WAR,G,PA,AB,R,H,2B,3B,HR,RBI,SB,CS,BB,SO
Billy Hatcher,26,HOU,NL,2.5,141,627,564,96,167,28,3,11,63,53,9,42,70
Willie McGee#,28,STL,NL,1.1,153,652,620,76,177,37,11,11,105,16,4,24,90
Bob Melvin,25,SFG,NL,1.0,84,265,246,31,49,8,0,11,31,0,4,17,44
Rance Mulliniks*,31,TOR,AL,2.5,124,372,332,37,103,28,1,11,44,1,1,34,55
Chris Speier,37,SFG,NL,2.2,111,364,317,39,79,13,0,11,39,4,7,42,51
Pat Tabler,29,CLE,AL,2.5,151,618,553,66,170,34,3,11,86,5,2,51,84
Ken Williams,23,CHW,AL,2.1,116,414,391,48,110,18,2,11,50,21,10,10,83
Daryl Boston*,24,CHW,AL,0.7,103,369,337,51,87,21,2,10,29,12,6,25,68
Lenny Dykstra*,24,NYM,NL,3.8,132,479,431,86,123,37,3,10,43,27,7,40,67
Greg Gagne,25,MIN,AL,3.9,137,479,437,68,116,28,7,10,40,6,6,25,84
Dion James*,24,ATL,NL,3.0,134,574,494,80,154,37,6,10,61,10,8,70,63
Tracy Jones,26,CIN,NL,1.4,117,390,359,53,104,17,3,10,44,31,8,23,40
Tony Phillips#,28,OAK,AL,1.9,111,441,379,48,91,20,0,10,46,7,6,57,76
Robby Thompson,25,SFG,NL,1.5,132,474,420,62,110,26,5,10,44,16,11,40,91
Darnell Coles,25,2TM,2LG,-0.8,93,313,268,34,54,13,1,10,39,1,4,34,43
Darnell Coles,25,DET,AL,-0.9,53,169,149,14,27,5,1,4,15,0,1,15,23
Darnell Coles,25,PIT,NL,0.1,40,144,119,20,27,8,0,6,24,1,3,19,20
Mike Aldrete*,26,SFG,NL,3.4,126,406,357,50,116,18,2,9,51,6,0,43,50
Brett Butler*,30,CLE,AL,4.9,137,618,522,91,154,25,8,9,41,33,16,91,55
Larry Herndon,33,DET,AL,1.4,89,254,225,32,73,13,2,9,47,1,0,23,35
Donnie Hill#,26,CHW,AL,0.7,111,449,410,57,98,14,6,9,46,1,0,30,35
Mike Kingery*,26,SEA,AL,1.3,120,395,354,38,99,25,4,9,52,7,9,27,43
Gary Roenicke,32,ATL,NL,0.4,67,187,151,25,33,8,0,9,28,0,0,32,23
Dick Schofield,24,CAL,AL,2.0,134,531,479,52,120,17,3,9,46,19,3,37,63
Claudell Washington*,32,NYY,AL,1.0,102,339,312,42,87,17,0,9,44,10,1,27,54
Mookie Wilson#,31,NYM,NL,2.6,124,425,385,58,115,19,7,9,34,21,6,35,85
Todd Benzinger#,24,BOS,AL,1.2,73,253,223,36,62,11,1,8,43,5,4,22,41
Bob Dernier,30,CHC,NL,0.7,93,220,199,38,63,4,4,8,21,16,7,19,19
Julio Franco,28,CLE,AL,3.5,128,560,495,86,158,24,3,8,52,32,9,57,56
Dan Gladden,29,MIN,AL,1.2,121,482,438,69,109,21,2,8,38,25,9,38,72
Mike Heath,32,DET,AL,1.7,93,297,270,34,76,16,0,8,33,1,5,21,42
Dave Henderson,28,2TM,2LG,0.4,90,238,205,32,48,12,0,8,26,3,1,30,53
Dave Henderson,28,BOS,AL,0.2,75,209,184,30,43,10,0,8,25,1,1,22,48
Dave Henderson,28,SFG,NL,0.2,15,29,21,2,5,2,0,0,1,2,0,8,5
Stan Jefferson#,24,SDP,NL,0.4,116,469,422,59,97,8,7,8,29,34,11,39,92
Player,Age,Team,Lg,WAR,G,PA,AB,R,H,2B,3B,HR,RBI,SB,CS,BB,SO
Ruppert Jones*,32,CAL,AL,0.3,85,213,192,25,47,8,2,8,28,2,1,20,38
Jim Lindeman,25,STL,NL,-0.7,75,227,207,20,43,13,0,8,28,3,1,11,56
Steve Lombardozzi,27,MIN,AL,1.3,136,479,432,51,103,19,3,8,38,5,1,33,66
Dave Martinez*,22,CHC,NL,2.1,142,520,459,70,134,18,8,8,36,16,8,57,96
Dwayne Murphy*,32,OAK,AL,1.4,82,284,219,39,51,7,0,8,35,4,4,58,61
Don Slaught,28,TEX,AL,-0.1,95,266,237,25,53,15,2,8,16,0,3,24,51
Roy Smalley#,34,MIN,AL,0.2,110,348,309,32,85,16,1,8,34,2,0,36,52
Mickey Tettleton#,26,OAK,AL,0.0,82,248,211,19,41,3,0,8,26,1,1,30,65
Manny Trillo,36,CHC,NL,0.5,108,244,214,27,63,8,0,8,26,0,3,25,37
Matt Williams,21,SFG,NL,0.0,84,266,245,28,46,9,2,8,21,4,3,16,68
Juan Beníquez,37,2TM,AL,-1.6,96,278,255,20,64,12,1,8,47,0,0,16,39
Juan Beníquez,37,KCR,AL,-1.6,57,190,174,14,41,7,0,3,26,0,0,11,26
Juan Beníquez,37,TOR,AL,0.0,39,88,81,6,23,5,1,5,21,0,0,5,13
Tony Gwynn*,27,SDP,NL,8.6,157,680,589,119,218,36,13,7,54,56,12,82,35
Mickey Hatcher,32,LAD,NL,0.8,101,314,287,27,81,19,1,7,42,2,3,20,19
Tim Hulett,27,CHW,AL,-0.2,68,257,240,20,52,10,0,7,28,0,2,10,41
Lee Lacy,39,BAL,AL,0.1,87,293,258,35,63,13,3,7,28,3,2,32,49
Paul O'Neill*,24,CIN,NL,0.6,84,178,160,24,41,14,1,7,28,2,1,18,29
Geno Petralli*,27,TEX,AL,1.1,101,232,202,28,61,11,2,7,31,0,2,27,29
Darrell Porter*,35,TEX,AL,0.6,85,163,130,19,31,3,0,7,21,0,0,30,43
Willie Randolph,32,NYY,AL,4.7,120,543,449,96,137,24,2,7,67,11,1,82,25
R.J. Reynolds#,28,PIT,NL,0.4,117,375,335,47,87,24,1,7,51,14,1,34,80
Jerry Royster,34,2TM,AL,0.2,73,225,196,26,52,13,0,7,27,4,2,23,32
Jerry Royster,34,CHW,AL,0.2,55,178,154,25,37,11,0,7,23,2,1,19,28
Jerry Royster,34,NYY,AL,0.0,18,47,42,1,15,2,0,0,4,2,1,4,4
Rick Schu,25,PHI,NL,0.2,92,219,196,24,46,6,3,7,23,0,2,20,36
B.J. Surhoff*,22,MIL,AL,2.5,115,445,395,50,118,22,3,7,68,11,10,36,30
Milt Thompson*,28,PHI,NL,4.0,150,575,527,86,159,26,9,7,43,46,10,42,87
Dave Bergman*,34,DET,AL,0.9,91,207,172,25,47,7,3,6,22,0,1,30,23
Cecil Cooper*,37,MIL,AL,-0.7,63,270,250,25,62,13,0,6,36,1,1,17,51
Mariano Duncan,24,LAD,NL,-0.6,76,287,261,31,56,8,1,6,18,11,1,17,62
Ken Landreaux*,32,LAD,NL,-0.5,115,204,182,17,37,4,0,6,23,5,3,16,28
Steve Sax,27,LAD,NL,0.8,157,663,610,84,171,22,7,6,46,37,11,44,61
Mike Scioscia*,28,LAD,NL,2.4,142,523,461,44,122,26,1,6,38,7,4,55,23
Pat Sheridan*,29,DET,AL,0.4,141,473,421,57,109,19,3,6,49,18,13,44,90
Player,Age,Team,Lg,WAR,G,PA,AB,R,H,2B,3B,HR,RBI,SB,CS,BB,SO
Mike Stanley,24,TEX,AL,-0.3,78,253,216,34,59,8,1,6,37,3,0,31,48
Mark Salas*,26,2TM,AL,0.2,72,181,160,21,40,6,0,6,21,0,1,15,23
Mark Salas*,26,MIN,AL,0.3,22,51,45,8,17,2,0,3,9,0,1,5,6
Mark Salas*,26,NYY,AL,-0.1,50,130,115,13,23,4,0,3,12,0,0,10,17
Chris Bando#,31,CLE,AL,-0.2,89,229,211,20,46,9,0,5,16,0,0,12,28
Scott Bradley*,27,SEA,AL,0.5,102,366,342,34,95,15,1,5,43,0,1,15,18
Henry Cotto,26,NYY,AL,0.1,68,157,149,21,35,10,0,5,20,4,2,6,35
Brian Dayett,30,CHC,NL,0.4,97,198,177,20,49,14,1,5,25,0,0,20,37
Shawon Dunston,24,CHC,NL,-0.3,95,359,346,40,85,18,3,5,22,12,3,10,68
Tony Fernández#,25,TOR,AL,5.1,146,642,578,90,186,29,8,5,67,32,12,51,48
Scott Fletcher,28,TEX,AL,3.1,156,668,588,82,169,28,4,5,63,13,12,61,66
Tom Foley*,27,MON,NL,1.0,106,293,280,35,82,18,3,5,28,6,10,11,40
Jerry Hairston#,35,CHW,AL,0.3,66,155,126,14,29,8,0,5,20,0,0,25,25
George Hendrick,37,CAL,AL,-0.7,65,176,162,14,39,10,0,5,25,0,0,14,18
Glenn Hubbard,29,ATL,NL,3.0,141,533,443,69,117,33,2,5,38,1,1,77,57
Steve Kiefer,26,MIL,AL,-0.6,28,110,99,17,20,4,0,5,17,0,0,7,28
John Marzano,24,BOS,AL,0.4,52,182,168,20,41,11,0,5,24,0,1,7,41
Bob Meacham#,26,NYY,AL,1.4,77,232,203,28,55,11,1,5,21,6,5,19,33
Graig Nettles*,42,ATL,NL,-0.1,112,201,177,16,37,8,1,5,33,1,0,22,25
Larry Owen,32,KCR,AL,0.3,76,188,164,17,31,6,0,5,14,0,0,16,51
Tony Peña,30,STL,NL,-1.1,116,425,384,40,82,13,4,5,44,6,1,36,54
Jamie Quirk*,32,KCR,AL,-0.2,109,334,296,24,70,17,0,5,33,1,0,28,56
Johnny Ray#,30,2TM,2LG,1.2,153,650,599,64,173,30,3,5,69,4,2,44,46
Johnny Ray#,30,PIT,NL,0.9,123,518,472,48,129,19,3,5,54,4,2,41,36
Johnny Ray#,30,CAL,AL,0.4,30,132,127,16,44,11,0,0,15,0,0,3,10
Mark Ryal*,26,CAL,AL,-0.5,58,104,100,7,20,6,0,5,18,0,0,3,15
Rafael Santana,29,NYM,NL,0.5,139,470,439,41,112,21,2,5,44,1,1,29,57
Garry Templeton#,31,SDP,NL,1.1,148,561,510,42,113,13,5,5,48,14,3,42,92
Andrés Thomas,23,ATL,NL,-1.1,82,343,324,29,75,11,0,5,39,6,5,14,50
José Uribe#,28,SFG,NL,3.0,95,340,309,44,90,16,5,5,30,12,2,24,35
Denny Walling*,33,HOU,NL,1.2,110,370,325,45,92,21,4,5,33,5,1,39,37
Bill Buckner*,37,2TM,AL,-0.5,132,498,469,39,134,18,2,5,74,2,3,22,26
Bill Buckner*,37,BOS,AL,-1.4,75,304,286,23,78,6,1,2,42,1,3,13,19
Bill Buckner*,37,CAL,AL,0.9,57,194,183,16,56,12,1,3,32,1,0,9,7
Phil Garner,38,2TM,NL,-0.2,113,275,238,29,49,9,0,5,23,6,1,28,44
Player,Age,Team,Lg,WAR,G,PA,AB,R,H,2B,3B,HR,RBI,SB,CS,BB,SO
Phil Garner,38,HOU,NL,0.2,43,124,112,15,25,5,0,3,15,1,0,8,20
Phil Garner,38,LAD,NL,-0.4,70,151,126,14,24,4,0,2,8,5,1,20,24
Mike Easler*,36,2TM,2LG,-0.1,98,301,277,20,78,10,0,5,31,1,1,20,52
Mike Easler*,36,PHI,NL,0.1,33,117,110,7,31,4,0,1,10,0,1,6,20
Mike Easler*,36,NYY,AL,-0.2,65,184,167,13,47,6,0,4,21,1,0,14,32
John Cangelosi#,24,PIT,NL,1.8,104,233,182,44,50,8,3,4,18,21,6,46,33
Rick Cerone,33,NYY,AL,0.7,113,327,284,28,69,12,1,4,23,0,1,30,46
Ron Cey,39,OAK,AL,0.0,45,128,104,12,23,6,0,4,11,0,0,22,32
Jim Eisenreich*,28,KCR,AL,0.0,44,115,105,10,25,8,2,4,21,1,1,7,13
Jim Gantner*,34,MIL,AL,0.5,81,296,265,37,72,14,0,4,30,6,2,19,22
Mike Hart*,29,BAL,AL,-0.6,34,85,76,7,12,2,0,4,12,1,4,6,19
Garth Iorg,32,TOR,AL,-0.6,122,342,310,35,65,11,0,4,30,2,2,21,52
Gene Larkin#,24,MIN,AL,-0.2,85,262,233,23,62,11,2,4,28,1,4,25,31
Barry Lyons,27,NYM,NL,0.0,53,143,130,15,33,4,1,4,24,0,0,8,24
Shane Mack,23,SDP,NL,0.1,105,267,238,28,57,11,3,4,25,4,6,18,47
Fred Manrique,25,CHW,AL,1.2,115,330,298,30,77,13,3,4,29,5,3,19,69
Darrell Miller,29,CAL,AL,0.4,53,124,108,14,26,5,0,4,16,1,0,9,13
Eddie Milner*,32,SFG,NL,1.0,101,239,214,38,54,14,0,4,19,10,9,24,33
Reid Nichols,28,MON,NL,0.9,77,164,147,22,39,8,2,4,20,2,1,14,13
Luis Polonia*,23,OAK,AL,2.0,125,469,435,78,125,16,10,4,49,29,7,32,64
Craig Reynolds*,34,HOU,NL,0.2,135,416,374,35,95,17,3,4,28,5,1,30,44
Ernie Riles*,26,MIL,AL,-0.1,83,316,276,38,72,11,1,4,38,3,4,30,47
Ted Simmons#,37,ATL,NL,0.1,73,200,177,20,49,8,0,4,30,1,1,21,23
Kurt Stillwell#,22,CIN,NL,-0.2,131,433,395,54,102,20,7,4,33,4,6,32,50
Jim Sundberg,36,CHC,NL,0.0,61,161,139,9,28,2,0,4,15,0,0,19,40
Willie Wilson#,31,KCR,AL,1.8,146,653,610,97,170,18,15,4,30,59,11,32,88
Herm Winningham*,25,MON,NL,-0.7,137,386,347,34,83,20,3,4,41,29,10,34,68
Terry Harper,31,2TM,2LG,-0.3,67,147,130,12,32,6,0,4,17,1,1,16,19
Terry Harper,31,DET,AL,-0.2,31,74,64,4,13,3,0,3,10,1,0,9,8
Terry Harper,31,PIT,NL,-0.2,36,73,66,8,19,3,0,1,7,0,1,7,11
Andy Allanson,25,CLE,AL,0.2,50,172,154,17,41,6,0,3,16,1,1,9,30
Tony Armas,33,CAL,AL,-0.4,28,84,81,8,16,3,1,3,9,1,0,1,11
Marty Barrett,29,BOS,AL,1.6,137,638,559,72,164,23,0,3,43,15,2,51,38
Bob Boone,39,CAL,AL,1.1,128,442,389,42,94,18,0,3,33,0,2,35,36
Ken Caminiti#,24,HOU,NL,-0.4,63,218,203,10,50,7,1,3,23,0,0,12,44
Player,Age,Team,Lg,WAR,G,PA,AB,R,H,2B,3B,HR,RBI,SB,CS,BB,SO
Juan Castillo#,25,MIL,AL,-0.5,116,372,321,44,72,11,4,3,28,15,7,33,76
Dave Clark*,24,CLE,AL,-0.6,29,89,87,11,18,5,0,3,12,1,0,2,24
Vince Coleman#,25,STL,NL,2.8,151,702,623,121,180,14,10,3,43,109,22,70,126
Darren Daulton*,25,PHI,NL,-0.5,53,150,129,10,25,6,0,3,13,0,0,16,37
Mike Fitzgerald,26,MON,NL,-1.3,107,334,287,32,69,11,0,3,36,3,4,42,54
Curt Ford*,26,STL,NL,1.5,89,247,228,32,65,9,5,3,26,11,8,14,32
Terry Francona*,28,CIN,NL,-0.9,102,219,207,16,47,5,0,3,12,2,0,10,12
Alfredo Griffin#,29,OAK,AL,1.7,144,539,494,69,130,23,5,3,60,26,13,28,41
Albert Hall#,29,ATL,NL,1.1,92,337,292,54,83,20,4,3,24,33,10,38,36
Ron Hassey*,34,CHW,AL,-0.6,49,165,145,15,31,9,0,3,12,0,0,17,11
Steve Henderson,34,OAK,AL,-0.1,46,126,114,14,33,7,0,3,9,0,0,12,19
Tommy Hinzo#,23,CLE,AL,0.4,67,280,257,31,68,9,3,3,21,9,4,10,47
Rick Leach*,30,TOR,AL,0.6,98,224,195,26,55,13,1,3,25,0,1,25,25
Dave Magadan*,24,NYM,NL,1.4,85,216,192,21,61,13,1,3,24,0,0,22,22
Gary Matthews,36,2TM,2LG,-0.9,89,181,161,13,39,4,0,3,23,0,1,19,33
Gary Matthews,36,CHC,NL,0.0,44,46,42,3,11,3,0,0,8,0,0,4,11
Gary Matthews,36,SEA,AL,-0.8,45,135,119,10,28,1,0,3,15,0,1,15,22
Lee Mazzilli#,32,NYM,NL,0.9,88,148,124,26,38,8,1,3,24,5,3,21,14
Mark McLemore#,22,CAL,AL,0.1,138,499,433,61,102,13,3,3,41,25,8,48,72
John Morris*,26,STL,NL,0.6,101,170,157,22,41,6,4,3,23,5,2,11,22
John Moses#,29,SEA,AL,-0.4,116,433,390,58,96,16,4,3,38,23,15,29,49
Donell Nixon,25,SEA,AL,0.2,46,151,132,17,33,4,0,3,12,21,7,13,28
Paul Noce,27,CHC,NL,-0.2,70,192,180,17,41,9,2,3,14,5,3,6,49
Ken Oberkfell*,31,ATL,NL,0.2,135,566,508,59,142,29,2,3,48,3,3,48,29
Tom Paciorek,40,TEX,AL,0.1,27,64,60,6,17,3,0,3,12,0,1,1,19
Bill Pecota,27,KCR,AL,1.0,66,172,156,22,43,5,1,3,14,5,0,15,25
Paul Runge,29,ATL,NL,-0.1,27,54,47,9,10,1,0,3,8,0,1,5,10
John Russell,26,PHI,NL,-0.9,24,65,62,5,9,1,0,3,8,0,1,3,17
Luis Salazar,31,SDP,NL,-0.7,84,206,189,13,48,5,0,3,17,3,3,14,30
Joel Skinner,26,NYY,AL,-1.0,64,154,139,9,19,4,0,3,14,0,0,8,46
Lonnie Smith,31,KCR,AL,-0.2,48,197,167,26,42,7,1,3,8,9,4,24,31
Álex Treviño,29,LAD,NL,-0.3,72,156,144,16,32,7,1,3,16,1,0,6,28
Joel Youngblood,35,SFG,NL,-0.1,69,98,91,9,23,3,0,3,11,1,1,5,13
Shawn Abner,21,SDP,NL,0.3,16,49,47,5,13,3,1,2,7,1,0,2,8
Jay Bell,21,CLE,AL,-0.3,38,137,125,14,27,9,1,2,13,2,0,8,31
Player,Age,Team,Lg,WAR,G,PA,AB,R,H,2B,3B,HR,RBI,SB,CS,BB,SO
Jeff Blauser,21,ATL,NL,0.0,51,187,165,11,40,6,3,2,15,7,3,18,34
Bruce Bochy,32,SDP,NL,-0.7,38,87,75,8,12,3,0,2,11,0,1,11,21
Ralph Bryant*,26,LAD,NL,0.1,46,81,69,7,17,2,1,2,10,2,1,10,24
Rick Burleson,36,BAL,AL,-0.5,62,232,206,26,43,14,1,2,14,0,2,17,30
John Christensen,26,SEA,AL,-0.3,53,146,132,19,32,6,1,2,12,2,0,12,28
Pat Dodson*,27,BOS,AL,-0.5,26,52,42,4,7,3,0,2,6,0,0,8,13
Mike Felder#,25,MIL,AL,0.6,108,328,289,48,77,5,7,2,31,34,8,28,23
Brian Fisher,25,PIT,NL,0.6,37,70,58,6,11,1,0,2,9,0,1,5,28
Bob Forsch,37,STL,NL,1.2,34,71,57,9,17,6,0,2,8,0,0,3,17
Doug Frobel*,28,CLE,AL,-0.6,29,46,40,5,4,0,0,2,5,0,0,5,13
Mike Gallego,26,OAK,AL,0.6,72,143,124,18,31,6,0,2,14,0,1,12,21
Ron Gant,22,ATL,NL,0.0,21,86,83,9,22,4,0,2,9,4,2,1,11
Johnny Grubb*,38,DET,AL,-0.1,59,131,114,9,23,6,0,2,13,0,0,15,16
Ozzie Guillén*,23,CHW,AL,3.9,149,604,560,64,156,22,7,2,51,25,8,22,52
Tom Herr#,31,STL,NL,0.4,141,598,510,73,134,29,0,2,83,19,4,68,62
Stan Javier#,23,OAK,AL,-0.6,81,176,151,22,28,3,1,2,9,3,2,19,33
Ron Karkovice,23,CHW,AL,-0.5,39,95,85,7,6,0,0,2,7,3,0,7,40
Pat Keedy,29,CHW,AL,0.0,17,44,41,6,7,1,0,2,2,1,0,2,14
Steve Lake,30,STL,NL,0.5,74,195,179,19,45,7,2,2,19,0,0,10,18
Nelson Liriano#,23,TOR,AL,0.5,37,176,158,29,38,6,2,2,10,13,2,16,22
Lloyd McClendon,28,CIN,NL,-0.3,45,77,72,8,15,5,0,2,13,1,0,4,15
Terry McGriff,23,CIN,NL,0.0,34,97,89,6,20,3,0,2,11,0,0,8,17
Ron Oester#,31,CIN,NL,-0.1,69,261,237,28,60,9,6,2,23,2,3,22,51
Jorge Orta*,36,KCR,AL,-0.3,21,53,50,3,9,4,0,2,4,0,0,3,8
Spike Owen#,26,BOS,AL,0.5,132,504,437,50,113,17,7,2,48,11,8,53,43
Jim Paciorek,27,MIL,AL,-0.3,48,116,101,16,23,5,0,2,10,1,0,12,20
Tom Pagnozzi,24,STL,NL,0.1,27,53,48,8,9,1,0,2,9,1,0,4,13
Gus Polidor,25,CAL,AL,0.0,63,141,137,12,36,3,0,2,15,0,0,2,15
Terry Puhl*,30,HOU,NL,-0.2,90,134,122,9,28,5,0,2,15,1,1,11,16
Domingo Ramos,29,SEA,AL,0.5,42,109,103,9,32,6,0,2,11,0,1,3,12
Floyd Rayford,29,BAL,AL,-0.3,20,52,50,5,11,0,0,2,3,0,0,2,9
Billy Ripken,22,BAL,AL,1.1,58,257,234,27,72,9,0,2,20,4,1,21,23
Lenn Sakata,33,NYY,AL,0.2,19,48,45,5,12,0,1,2,4,0,1,2,4
Ángel Salazar,25,KCR,AL,-0.6,116,332,317,24,65,7,0,2,21,4,4,6,46
Marc Sullivan,28,BOS,AL,-1.0,60,173,160,11,27,5,0,2,10,0,0,4,43
Player,Age,Team,Lg,WAR,G,PA,AB,R,H,2B,3B,HR,RBI,SB,CS,BB,SO
Jeff Treadway*,24,CIN,NL,0.5,23,90,84,9,28,4,0,2,4,1,0,2,6
Curt Wilkerson#,26,TEX,AL,0.4,85,146,138,28,37,5,3,2,14,6,3,6,16
Marvell Wynne*,27,SDP,NL,0.5,98,213,188,17,47,8,2,2,24,11,6,20,37
Sal Butera,34,2TM,2LG,-1.5,56,134,122,8,21,5,0,2,14,0,0,8,22
Sal Butera,34,CIN,NL,-0.1,5,12,11,1,2,0,0,1,2,0,0,1,6
Sal Butera,34,MIN,AL,-1.4,51,122,111,7,19,5,0,1,12,0,0,7,16
Rick Aguilera,25,NYM,NL,0.6,18,47,40,5,9,1,0,1,3,0,0,1,17
Dave Anderson,26,LAD,NL,0.4,108,297,265,32,62,12,3,1,13,9,5,24,43
Wally Backman#,27,NYM,NL,0.7,94,335,300,43,75,6,1,1,23,11,3,25,43
Skeeter Barnes,30,STL,NL,0.0,4,4,4,1,1,0,0,1,3,0,0,0,0
Rafael Belliard,25,PIT,NL,0.2,81,229,203,26,42,4,3,1,15,5,1,20,25
Bruce Benedict,31,ATL,NL,-0.6,37,114,95,4,14,1,0,1,5,0,1,17,15
Buddy Biancalana#,27,2TM,2LG,-1.0,55,74,71,5,11,1,0,1,7,0,0,2,22
Buddy Biancalana#,27,KCR,AL,-0.5,37,49,47,4,10,1,0,1,7,0,0,1,10
Buddy Biancalana#,27,HOU,NL,-0.6,18,25,24,1,1,0,0,0,0,0,0,1,12
Juan Bonilla,31,NYY,AL,0.1,23,63,55,6,14,3,0,1,3,0,0,5,6
Thad Bosley*,30,KCR,AL,-0.3,80,152,140,13,39,6,1,1,16,0,0,9,26
Jerry Browne#,21,TEX,AL,2.3,132,526,454,63,123,16,6,1,38,27,17,61,50
Mike Brumley#,25,CHC,NL,-0.2,39,117,104,8,21,2,2,1,9,7,1,10,30
Casey Candaele#,26,MON,NL,1.0,138,495,449,62,122,23,4,1,23,7,10,38,28
Dave Concepción,39,CIN,NL,1.3,104,311,279,32,89,15,0,1,33,4,3,28,24
Mark Davidson,26,MIN,AL,0.1,102,169,150,32,40,4,1,1,14,9,2,13,26
Rick Dempsey,37,CLE,AL,-0.5,60,170,141,16,25,10,0,1,9,0,0,23,29
Jeff DeWillis,22,TOR,AL,0.1,13,28,25,2,3,1,0,1,2,0,0,2,12
Brian Dorsett,26,CLE,AL,0.0,5,12,11,2,3,0,0,1,3,0,0,0,3
Dan Driessen*,35,STL,NL,-0.1,24,68,60,5,14,2,0,1,11,0,0,7,8
Rob Ducey*,22,TOR,AL,0.3,34,57,48,12,9,1,0,1,6,2,0,8,10
Dave Engle,30,MON,NL,0.1,59,90,84,7,19,4,0,1,14,1,0,6,11
Leo García*,24,CIN,NL,0.0,31,35,30,8,6,0,0,1,2,3,1,4,8
Steve Garvey,38,SDP,NL,-0.7,27,78,76,5,16,2,0,1,9,0,0,1,10
Rich Gedman*,27,BOS,AL,-0.5,52,165,151,11,31,8,0,1,13,0,0,10,24
Rene Gonzales,26,BAL,AL,0.4,37,65,60,14,16,2,1,1,7,1,0,3,11
Jim Gott,27,2TM,NL,0.1,55,11,11,2,1,0,0,1,2,0,0,0,4
Jim Gott,27,SFG,NL,0.1,30,10,10,2,1,0,0,1,2,0,0,0,3
Jim Gott,27,PIT,NL,0.0,25,1,1,0,0,0,0,0,0,0,0,0,1
Player,Age,Team,Lg,WAR,G,PA,AB,R,H,2B,3B,HR,RBI,SB,CS,BB,SO
David Green,26,STL,NL,0.2,14,32,30,4,8,2,1,1,1,0,1,2,5
Kevin Gross,26,PHI,NL,0.3,34,73,63,4,12,1,0,1,4,0,0,2,25
Greg Gross*,34,PHI,NL,-0.2,114,163,133,14,38,4,1,1,12,0,0,25,12
Bill Gullickson,28,CIN,NL,0.3,27,57,53,4,11,2,0,1,3,0,0,0,11
Dave Hengel,25,SEA,AL,-0.2,10,19,19,2,6,0,0,1,4,0,0,0,4
Chuck Jackson,24,HOU,NL,0.0,35,81,71,3,15,3,0,1,6,1,1,7,19
Wallace Johnson#,30,MON,NL,0.0,75,94,85,7,21,5,0,1,14,5,0,7,6
Jimmy Jones,23,SDP,NL,0.3,32,59,49,7,8,0,0,1,3,0,0,2,18
Roberto Kelly,22,NYY,AL,0.5,23,59,52,12,14,3,0,1,7,9,3,5,15
Jeff Kunkel,25,TEX,AL,-0.2,15,34,32,1,7,0,0,1,2,0,1,0,10
Mike Laga*,27,STL,NL,-0.4,17,33,29,4,4,1,0,1,4,0,0,2,7
Tito Landrum,32,2TM,NL,-0.1,81,129,117,13,26,4,0,1,10,2,2,10,30
Tito Landrum,32,STL,NL,0.1,30,57,50,5,10,1,0,0,6,1,1,7,14
Tito Landrum,32,LAD,NL,-0.2,51,72,67,8,16,3,0,1,4,1,1,3,16
Mike LaValliere*,26,PIT,NL,2.9,121,390,340,33,102,19,0,1,36,0,0,43,32
Manuel Lee#,22,TOR,AL,0.4,56,129,121,14,31,2,3,1,11,2,0,6,13
Davey Lopes,42,HOU,NL,0.2,47,56,43,4,10,2,0,1,6,2,1,13,8
Scott Lusader*,22,DET,AL,0.4,23,54,47,8,15,3,1,1,8,1,0,5,7
Steve Lyons*,27,CHW,AL,1.0,76,210,193,26,54,11,1,1,19,3,1,12,37
Joe Magrane,22,STL,NL,0.2,28,62,52,5,7,2,0,1,3,0,0,4,22
Hal McRae,41,KCR,AL,0.2,18,37,32,5,10,3,0,1,9,0,0,5,1
Francisco Meléndez*,23,SFG,NL,0.2,12,16,16,2,5,0,0,1,1,0,0,0,3
Charlie Moore,34,TOR,AL,-0.2,51,125,107,15,23,10,1,1,7,0,0,13,12
Tom Nieto,26,MIN,AL,-0.2,41,121,105,7,21,7,1,1,12,0,0,8,24
Tom O'Malley*,26,TEX,AL,0.4,45,134,117,10,32,8,0,1,12,0,0,15,9
José Oquendo#,23,STL,NL,1.3,116,312,248,43,71,9,0,1,24,4,4,54,29
Junior Ortiz,27,PIT,NL,-0.2,75,213,192,16,52,8,1,1,22,0,2,15,23
David Palmer,29,ATL,NL,-0.2,28,57,48,4,6,1,0,1,5,0,0,1,15
Jim Pankovits,31,HOU,NL,0.1,50,67,61,7,14,2,0,1,8,2,0,6,13
Casey Parsons*,33,CLE,AL,-0.3,18,25,25,2,4,0,0,1,5,0,0,0,5
Al Pedrique,26,2TM,NL,1.4,93,281,252,24,74,10,1,1,27,5,4,19,29
Al Pedrique,26,NYM,NL,0.0,5,7,6,1,0,0,0,0,0,0,0,1,2
Al Pedrique,26,PIT,NL,1.4,88,274,246,23,74,10,1,1,27,5,4,18,27
Gary Pettis#,29,CAL,AL,1.2,133,448,394,49,82,13,2,1,17,24,5,52,124
Ted Power,32,CIN,NL,-0.1,35,72,59,3,7,1,0,1,4,0,0,3,31
Player,Age,Team,Lg,WAR,G,PA,AB,R,H,2B,3B,HR,RBI,SB,CS,BB,SO
Tom Prince,22,PIT,NL,0.1,4,9,9,1,2,1,0,1,2,0,0,0,2
Charlie Puleo,32,ATL,NL,0.2,36,35,28,3,5,0,0,1,1,0,0,1,13
Rafael Ramírez,29,ATL,NL,-0.3,56,194,179,22,47,12,0,1,21,6,3,8,16
Jeff Reed*,24,MON,NL,-1.6,75,228,207,15,44,11,0,1,21,0,1,12,20
Jessie Reid*,25,SFG,NL,0.1,6,9,8,1,1,0,0,1,1,0,0,1,5
Rick Reuschel,38,2TM,NL,0.2,34,91,79,8,11,3,0,1,10,1,0,5,26
Rick Reuschel,38,PIT,NL,0.3,25,70,60,7,9,2,0,1,5,1,0,4,23
Rick Reuschel,38,SFG,NL,-0.1,9,21,19,1,2,1,0,0,5,0,0,1,3
Harold Reynolds#,26,SEA,AL,2.3,160,584,530,73,146,31,8,1,35,60,20,39,34
Ronn Reynolds,28,HOU,NL,-1.0,38,107,102,5,17,4,0,1,7,0,1,3,29
Don Robinson,30,2TM,NL,0.2,69,19,18,2,4,1,0,1,2,0,0,1,4
Don Robinson,30,PIT,NL,0.0,44,8,7,0,1,0,0,0,1,0,0,1,2
Don Robinson,30,SFG,NL,0.1,25,11,11,2,3,1,0,1,1,0,0,0,2
Jeff Robinson,26,2TM,NL,0.1,81,23,22,1,3,0,0,1,2,0,0,0,9
Jeff Robinson,26,SFG,NL,-0.1,63,18,18,0,2,0,0,0,1,0,0,0,7
Jeff Robinson,26,PIT,NL,0.1,18,5,4,1,1,0,0,1,1,0,0,0,2
Ron Roenicke#,30,PHI,NL,-0.5,63,92,78,9,13,3,1,1,4,1,0,14,15
Wade Rowdon,26,CHC,NL,-0.2,11,34,31,2,7,1,1,1,4,0,2,3,10
Nolan Ryan,40,HOU,NL,-0.6,34,73,65,2,4,0,0,1,4,0,0,1,22
Scott Sanderson,30,CHC,NL,-0.2,32,47,40,2,3,0,0,1,2,0,0,3,20
Danny Sheaffer,25,BOS,AL,-0.9,25,68,66,5,8,1,0,1,5,0,0,0,14
Nelson Simmons#,24,BAL,AL,0.0,16,54,49,3,13,1,1,1,4,0,1,3,8
Harry Spilman*,32,SFG,NL,-0.2,83,101,90,5,24,5,0,1,14,1,1,9,20
John Stefero*,27,MON,NL,-0.6,18,59,56,4,11,0,0,1,3,0,0,3,17
Jeff Stone*,26,PHI,NL,-0.1,66,136,125,19,32,7,1,1,16,3,1,8,38
Dickie Thon,29,HOU,NL,0.2,32,83,66,6,14,1,0,1,3,3,0,16,13
Wayne Tolleson#,31,NYY,AL,-0.2,121,399,349,48,77,4,0,1,22,5,3,43,72
Fernando Valenzuela*,26,LAD,NL,-0.3,38,100,92,4,13,1,0,1,8,0,0,0,11
Dave Van Gorder,30,BAL,AL,-0.1,12,24,21,4,5,0,0,1,1,0,0,3,6
Jim Walewander#,25,DET,AL,0.1,53,63,54,24,13,3,1,1,4,2,1,7,6
Ron Washington,35,BAL,AL,-0.3,26,81,79,7,16,3,1,1,6,0,1,1,15
Mark Wasinger,25,SFG,NL,0.4,44,90,80,16,22,3,0,1,3,2,0,8,14
Alan Wiggins#,29,BAL,AL,-1.0,85,342,306,37,71,4,2,1,15,20,7,28,34
Rob Wilfong*,33,SFG,NL,0.0,2,9,8,2,1,0,0,1,2,1,0,1,2
Eddie Williams,22,CLE,AL,-0.2,22,75,64,9,11,4,0,1,4,0,0,9,19
Player,Age,Team,Lg,WAR,G,PA,AB,R,H,2B,3B,HR,RBI,SB,CS,BB,SO
Tracy Woodson,24,LAD,NL,-0.9,53,148,136,14,31,8,1,1,11,1,1,9,21
Floyd Youmans,23,MON,NL,0.0,23,41,40,2,6,2,0,1,3,0,0,0,16
Gerald Young#,22,HOU,NL,1.2,71,303,274,44,88,9,2,1,15,26,9,26,27
Jim Acker,28,ATL,NL,0.2,68,15,14,1,3,0,0,0,1,0,0,1,8
Troy Afenir,23,HOU,NL,-0.2,10,20,20,1,6,1,0,0,1,0,0,0,12
Juan Agosto*,29,HOU,NL,0.0,27,1,1,0,0,0,0,0,0,0,0,0,1
Doyle Alexander,36,ATL,NL,-0.4,16,42,35,1,1,0,0,0,1,0,0,0,13
Bill Almon,34,2TM,NL,-0.2,68,83,74,13,17,4,0,0,5,1,0,9,21
Bill Almon,34,PIT,NL,-0.3,19,21,20,5,4,1,0,0,1,0,0,1,5
Bill Almon,34,NYM,NL,0.1,49,62,54,8,13,3,0,0,4,1,0,8,16
Larry Andersen,34,HOU,NL,0.0,67,7,6,1,1,0,0,0,0,0,0,1,4
Paul Assenmacher*,26,ATL,NL,0.0,52,7,4,1,0,0,0,0,0,0,0,1,2
Scott Bailes*,25,CLE,AL,0.0,1,0,0,0,0,0,0,0,0,0,0,0,0
Mark Bailey#,25,HOU,NL,-0.1,35,75,64,5,13,1,0,0,3,1,0,10,21
Doug Bair,37,PHI,NL,0.0,11,2,1,0,0,0,0,0,0,0,0,0,0
Doug Baker#,26,DET,AL,0.1,8,1,1,0,0,0,0,0,0,0,0,0,1
Jay Baller,26,CHC,NL,0.1,23,1,1,0,1,0,0,0,0,0,0,0,0
Bill Bean*,23,DET,AL,0.6,26,71,66,6,17,2,0,0,4,1,1,5,11
Billy Beane,25,MIN,AL,-0.1,12,15,15,1,4,2,0,0,1,0,0,0,6
Steve Bedrosian,29,PHI,NL,-0.1,65,4,4,0,0,0,0,0,0,0,0,0,3
Tim Belcher,25,LAD,NL,0.0,6,10,10,0,2,0,0,0,1,0,0,0,4
Terry Bell,24,ATL,NL,,1,1,1,0,0,0,0,0,0,0,0,0,1
Juan Berenguer,32,MIN,AL,0.0,1,0,0,0,0,0,0,0,0,0,0,0,0
Dale Berra,30,HOU,NL,-0.2,19,54,45,3,8,3,0,0,2,0,0,8,12
Damon Berryhill#,23,CHC,NL,-0.6,12,31,28,2,5,1,0,0,1,0,1,3,5
Mike Bielecki,27,PIT,NL,-0.2,8,18,16,0,1,0,0,0,0,0,0,0,8
Randy Bockus*,26,SFG,NL,0.0,12,1,1,0,0,0,0,0,0,0,0,0,1
Mike Boddicker,29,BAL,AL,0.0,1,0,0,0,0,0,0,0,0,0,0,0,0
Joe Boever,26,ATL,NL,0.0,14,0,0,0,0,0,0,0,0,0,0,0,0
Greg Booker,27,SDP,NL,-0.1,44,6,6,0,0,0,0,0,0,0,0,0,2
Rod Booker*,28,STL,NL,0.0,44,56,47,9,13,1,1,0,8,2,0,7,7
Curt Brown,27,MON,NL,0.0,5,0,0,0,0,0,0,0,0,0,0,0,0
Tom Browning*,27,CIN,NL,0.0,34,61,52,2,8,2,0,0,6,1,0,3,21
Jay Buhner,22,NYY,AL,-0.1,7,23,22,0,5,2,0,0,1,0,0,1,6
Tim Burke,28,MON,NL,-0.2,55,12,10,0,0,0,0,0,0,0,0,0,6
Player,Age,Team,Lg,WAR,G,PA,AB,R,H,2B,3B,HR,RBI,SB,CS,BB,SO
John Burkett,22,SFG,NL,0.0,3,1,1,0,0,0,0,0,0,0,0,0,1
Randy Byers*,22,SDP,NL,0.1,10,17,16,1,5,1,0,0,1,1,0,1,5
Jeff Calhoun*,29,PHI,NL,0.0,42,1,1,0,0,0,0,0,0,0,0,0,1
Bill Campbell,38,MON,NL,0.0,7,2,1,0,0,0,0,0,0,0,0,1,1
John Candelaria*,33,NYM,NL,0.0,3,5,5,0,1,0,0,0,0,0,0,0,0
Don Carman*,27,PHI,NL,-0.5,35,73,61,2,5,0,0,0,4,0,1,2,23
Mark Carreon,23,NYM,NL,-0.1,9,13,12,0,3,0,0,0,1,0,1,1,1
Chuck Cary*,27,ATL,NL,0.0,13,1,1,0,0,0,0,0,0,0,0,0,0
Rocky Childress,25,HOU,NL,0.0,32,2,2,0,0,0,0,0,0,0,0,0,0
Bryan Clark*,30,CHW,AL,0.0,1,0,0,0,0,0,0,0,0,0,0,0,0
Marty Clary,25,ATL,NL,0.0,7,1,1,0,0,0,0,0,0,0,0,0,0
Kevin Coffman,22,ATL,NL,0.0,5,11,10,0,1,0,0,0,0,0,0,1,5
Dave Collins#,34,CIN,NL,0.9,57,100,85,19,25,5,0,0,5,9,0,11,12
Keith Comstock*,31,2TM,NL,0.0,41,2,2,0,0,0,0,0,0,0,0,0,1
Keith Comstock*,31,SFG,NL,0.0,15,1,1,0,0,0,0,0,0,0,0,0,1
Keith Comstock*,31,SDP,NL,0.0,26,1,1,0,0,0,0,0,0,0,0,0,0
Onix Concepción,29,PIT,NL,,1,1,1,0,1,0,0,0,0,0,0,0,0
David Cone*,24,NYM,NL,-0.3,21,35,31,0,2,1,0,0,0,0,0,0,14
Tim Conroy*,27,STL,NL,-0.2,10,17,15,0,0,0,0,0,0,0,0,0,8
Joey Cora#,22,SDP,NL,-0.3,77,276,241,23,57,7,2,0,13,15,11,28,26
Joe Cowley,28,PHI,NL,0.1,5,3,3,0,1,1,0,0,0,0,0,0,0
Danny Cox,27,STL,NL,-0.3,32,74,69,3,8,0,1,0,1,0,0,0,25
Tim Crews,26,LAD,NL,0.0,20,2,2,0,0,0,0,0,0,0,0,0,2
Ron Darling,26,NYM,NL,0.1,32,77,65,5,8,5,0,0,4,0,0,2,22
Danny Darwin,31,HOU,NL,0.2,35,69,66,2,12,2,1,0,4,1,0,2,40
Jack Daugherty#,26,MON,NL,-0.1,11,12,10,1,1,1,0,0,1,0,0,0,3
Trench Davis*,26,ATL,NL,,6,3,3,0,0,0,0,0,0,0,0,0,1
Butch Davis,29,PIT,NL,0.0,7,8,7,3,1,1,0,0,0,0,0,1,3
Ron Davis,31,2TM,NL,0.0,25,0,0,0,0,0,0,0,0,0,0,0,0
Ron Davis,31,CHC,NL,0.0,21,0,0,0,0,0,0,0,0,0,0,0,0
Ron Davis,31,LAD,NL,0.0,4,0,0,0,0,0,0,0,0,0,0,0,0
Storm Davis,25,SDP,NL,-0.2,21,17,16,1,1,0,0,0,0,0,0,0,10
Mark Davis*,26,2TM,NL,0.3,64,32,30,3,7,1,1,0,1,0,0,0,6
Mark Davis*,26,SFG,NL,0.2,21,25,23,3,5,1,1,0,1,0,0,0,5
Mark Davis*,26,SDP,NL,0.1,43,7,7,0,2,0,0,0,0,0,0,0,1
Player,Age,Team,Lg,WAR,G,PA,AB,R,H,2B,3B,HR,RBI,SB,CS,BB,SO
Bill Dawley,29,STL,NL,0.2,60,15,12,1,2,0,0,0,1,0,0,2,2
Ken Dayley*,28,STL,NL,0.0,53,0,0,0,0,0,0,0,0,0,0,0,0
Jeff Dedmon*,27,ATL,NL,0.1,53,20,16,2,4,1,0,0,0,0,0,1,3
Iván de Jesús,34,SFG,NL,-0.2,9,10,10,0,2,0,0,0,1,0,1,0,2
Jim Deshaies*,27,HOU,NL,0.2,26,64,53,2,5,0,0,0,3,0,0,7,29
Orestes Destrade#,25,NYY,AL,-0.1,9,24,19,5,5,0,0,0,1,0,0,5,5
Mike Devereaux,24,LAD,NL,-0.4,19,58,54,7,12,3,0,0,4,3,1,3,10
Mario Díaz,25,SEA,AL,0.1,11,23,23,4,7,0,1,0,3,0,0,0,4
Frank DiPino*,30,CHC,NL,0.1,69,3,2,0,1,0,0,0,0,0,0,0,0
Ken Dowell,26,PHI,NL,-0.3,15,42,39,4,5,0,0,0,1,0,0,2,5
Kelly Downs,26,SFG,NL,-0.2,41,65,56,1,8,1,0,0,6,0,1,1,23
Doug Drabek,24,PIT,NL,-0.2,30,70,59,2,7,1,0,0,4,0,0,2,24
Dave Dravecky,31,2TM,NL,-0.1,49,64,56,3,8,1,0,0,0,1,1,4,27
Dave Dravecky,31,SDP,NL,0.0,31,21,18,0,3,0,0,0,0,0,1,1,9
Dave Dravecky,31,SFG,NL,-0.1,18,43,38,3,5,1,0,0,0,1,0,3,18
Tim Drummond,22,PIT,NL,0.0,6,1,1,0,0,0,0,0,0,0,0,0,1
Mike Dunne,24,PIT,NL,-0.1,23,65,53,2,5,2,0,0,3,0,0,5,18
Logan Easley,25,PIT,NL,0.0,17,2,2,0,0,0,0,0,0,0,0,0,1
Dennis Eckersley,32,OAK,AL,0.0,1,0,0,0,0,0,0,0,0,0,0,0,0
Tom Edens,26,NYM,NL,0.0,2,3,3,0,0,0,0,0,0,0,0,0,3
Kevin Elster,22,NYM,NL,0.1,5,10,10,1,4,2,0,0,1,0,0,0,1
Jim Eppard*,27,CAL,AL,0.0,8,11,9,2,3,0,0,0,0,0,0,2,0
Cecil Espy#,24,TEX,AL,-0.1,14,9,8,1,0,0,0,0,0,2,0,1,3
Félix Fermín,23,PIT,NL,0.1,23,75,68,6,17,0,0,0,4,0,0,4,9
Sid Fernandez*,24,NYM,NL,0.0,29,55,43,2,7,1,1,0,2,0,0,1,19
Jack Fimple,28,CAL,AL,0.0,13,11,10,1,2,0,0,0,1,0,0,1,2
Jeff Fischer,23,MON,NL,0.0,4,5,5,0,1,0,0,0,0,0,0,0,2
Mike Fischlin,31,ATL,NL,,1,0,0,0,0,0,0,0,0,0,0,0,0
Tim Flannery*,29,SDP,NL,0.4,106,326,276,23,63,5,1,0,20,2,4,42,30
John Franco*,26,CIN,NL,0.0,68,2,2,0,0,0,0,0,0,0,0,0,1
George Frazier,32,MIN,AL,0.0,2,0,0,0,0,0,0,0,0,0,0,0,0
Todd Frohwirth,24,PHI,NL,0.0,10,2,1,0,0,0,0,0,0,0,0,0,1
Ty Gainey*,26,HOU,NL,-0.1,18,26,24,1,3,0,0,0,1,1,0,2,9
Dave Gallagher,26,CLE,AL,-0.1,15,39,36,2,4,1,1,0,1,2,0,2,5
Gene Garber,39,ATL,NL,0.0,49,5,4,0,0,0,0,0,0,0,0,1,2
Player,Age,Team,Lg,WAR,G,PA,AB,R,H,2B,3B,HR,RBI,SB,CS,BB,SO
Miguel García*,20,PIT,NL,0.0,1,0,0,0,0,0,0,0,0,0,0,0,0
Wes Gardner,26,BOS,AL,0.0,1,0,0,0,0,0,0,0,0,0,0,0,0
Scott Garrelts,25,SFG,NL,0.1,65,10,10,1,2,1,0,0,2,0,0,0,5
Bob Gibson,30,NYM,NL,0.0,1,0,0,0,0,0,0,0,0,0,0,0,0
Brett Gideon,23,PIT,NL,0.1,29,2,1,0,1,0,0,0,2,0,0,0,0
Tom Glavine*,21,ATL,NL,0.0,9,17,16,0,2,0,0,0,1,0,0,1,4
Denny González,23,PIT,NL,-0.2,5,8,7,1,0,0,0,0,0,0,0,1,2
José González,22,LAD,NL,0.4,19,18,16,2,3,2,0,0,1,5,0,1,2
Dwight Gooden,22,NYM,NL,0.4,25,71,64,4,14,0,0,0,4,0,0,1,9
Tom Gorman*,29,SDP,NL,0.0,6,0,0,0,0,0,0,0,0,0,0,0,0
Rich Gossage,35,SDP,NL,-0.1,40,4,4,0,0,0,0,0,0,0,0,0,2
Mark Grant,23,2TM,NL,-0.1,34,53,44,1,4,0,0,0,1,0,0,3,16
Mark Grant,23,SFG,NL,0.0,16,16,12,1,1,0,0,0,0,0,0,1,4
Mark Grant,23,SDP,NL,-0.1,18,37,32,0,3,0,0,0,1,0,0,2,12
Tommy Gregg*,23,PIT,NL,-0.1,10,8,8,3,2,1,0,0,0,0,0,0,2
Jackie Gutiérrez,27,BAL,AL,0.0,3,1,1,0,0,0,0,0,0,0,0,0,0
Chris Gwynn*,22,LAD,NL,-0.3,17,34,32,2,7,1,0,0,2,0,0,1,7
Drew Hall*,24,CHC,NL,-0.1,21,4,4,0,0,0,0,0,0,0,0,0,3
Jeff Hamilton,23,LAD,NL,-0.4,35,91,83,5,18,3,0,0,1,0,1,7,22
Atlee Hammaker#,29,SFG,NL,-0.2,31,60,57,0,7,0,0,0,3,0,0,1,22
Brian Harper,27,OAK,AL,-0.2,11,19,17,1,4,1,0,0,3,0,0,0,4
Brad Havens*,27,LAD,NL,0.0,31,2,2,0,0,0,0,0,0,0,0,0,1
Andy Hawkins,27,SDP,NL,-0.1,24,37,32,1,5,0,0,0,0,0,0,0,11
Ray Hayward*,26,SDP,NL,0.0,4,1,1,0,0,0,0,0,0,0,0,0,0
Ed Hearn,26,KCR,AL,0.2,6,21,17,2,5,2,0,0,3,0,0,4,2
Jeff Heathcock,27,HOU,NL,-0.2,19,11,10,0,0,0,0,0,0,0,0,0,4
Neal Heaton*,27,MON,NL,0.3,32,74,67,6,14,2,0,0,6,1,0,1,14
Danny Heep*,29,LAD,NL,-1.0,60,107,98,7,16,4,0,0,9,1,0,8,10
Tom Henke,29,TOR,AL,0.0,1,0,0,0,0,0,0,0,0,0,0,0,0
Mike Henneman,25,DET,AL,0.0,4,1,1,0,0,0,0,0,0,0,0,0,1
Ubaldo Heredia,31,MON,NL,-0.1,2,2,2,0,0,0,0,0,0,0,0,0,1
Willie Hernández*,32,DET,AL,0.0,2,0,0,0,0,0,0,0,0,0,0,0,0
Manny Hernández,26,HOU,NL,-0.1,6,5,5,0,0,0,0,0,0,0,0,0,3
Orel Hershiser,28,LAD,NL,0.9,40,102,90,10,19,5,0,0,7,2,1,2,17
Joe Hesketh*,28,MON,NL,-0.1,18,5,4,0,0,0,0,0,0,0,0,0,3
Player,Age,Team,Lg,WAR,G,PA,AB,R,H,2B,3B,HR,RBI,SB,CS,BB,SO
Shawn Hillegas,22,LAD,NL,-0.1,12,17,14,0,0,0,0,0,0,0,0,2,10
Glenn Hoffman,28,2TM,2LG,-0.1,61,206,187,15,40,8,0,0,16,0,1,10,32
Glenn Hoffman,28,BOS,AL,0.2,21,60,55,5,11,3,0,0,6,0,0,3,9
Glenn Hoffman,28,LAD,NL,-0.3,40,146,132,10,29,5,0,0,10,0,1,7,23
Guy Hoffman*,30,CIN,NL,-0.1,36,48,45,2,5,1,0,0,5,0,0,0,15
Brian Holton,27,LAD,NL,0.0,53,5,5,0,1,0,0,0,0,0,0,0,1
Rick Honeycutt*,33,LAD,NL,0.2,27,35,30,3,7,1,0,0,2,0,0,2,8
Ricky Horton*,27,STL,NL,0.1,68,30,29,2,5,1,0,0,0,0,0,1,9
Paul Householder#,28,HOU,NL,0.0,14,16,12,2,1,1,0,0,1,0,0,4,2
Jay Howell,31,OAK,AL,0.0,1,0,0,0,0,0,0,0,0,0,0,0,0
Ken Howell,26,LAD,NL,0.1,40,4,4,1,1,0,0,0,0,0,0,0,1
Keith Hughes*,23,2TM,2LG,-0.3,41,88,80,8,20,2,0,0,10,0,0,7,13
Keith Hughes*,23,NYY,AL,,4,4,4,0,0,0,0,0,0,0,0,0,2
Keith Hughes*,23,PHI,NL,-0.3,37,84,76,8,20,2,0,0,10,0,0,7,11
Tom Hume,34,2TM,NL,0.0,49,15,15,1,3,1,0,0,0,0,0,0,4
Tom Hume,34,PHI,NL,0.0,38,15,15,1,3,1,0,0,0,0,0,0,4
Tom Hume,34,CIN,NL,0.0,11,0,0,0,0,0,0,0,0,0,0,0,0
Clint Hurdle*,29,NYM,NL,0.0,3,3,3,1,1,0,0,0,0,0,0,0,1
Alexis Infante,25,TOR,AL,,1,0,0,0,0,0,0,0,0,0,0,0,0
Jeff Innis,24,NYM,NL,0.0,17,3,3,0,0,0,0,0,0,0,0,0,1
Darrin Jackson,23,CHC,NL,0.2,7,5,5,2,4,1,0,0,0,0,0,0,0
Ken Jackson,23,PHI,NL,-0.2,8,18,16,1,4,2,0,0,2,0,0,1,4
Michael Jackson,22,PHI,NL,-0.1,55,21,17,2,2,0,0,0,0,0,0,1,3
Bob James,28,CHW,AL,0.0,1,0,0,0,0,0,0,0,0,0,0,0,0
Gregg Jefferies#,19,NYM,NL,,6,6,6,0,3,1,0,0,2,0,0,0,0
Greg Jelks,25,PHI,NL,0.0,10,14,11,2,1,1,0,0,0,0,0,3,4
Steve Jeltz#,28,PHI,NL,-0.3,114,337,293,37,68,9,6,0,12,1,2,39,54
Houston Jiménez,29,PIT,NL,0.1,5,7,6,0,0,0,0,0,0,0,0,1,2
Lance Johnson*,23,STL,NL,-0.4,33,63,59,4,13,2,1,0,7,6,1,4,6
Dave Johnson,27,PIT,NL,0.0,5,0,0,0,0,0,0,0,0,0,0,0,0
Barry Jones,24,PIT,NL,0.0,32,4,3,0,0,0,0,0,0,0,0,1,1
Ross Jones,27,KCR,AL,0.1,39,124,114,10,29,4,2,0,10,1,0,5,15
Bob Kearney,30,SEA,AL,0.0,24,51,47,5,8,4,1,0,1,0,0,1,9
Charlie Kerfeld,23,HOU,NL,0.0,21,3,3,0,0,0,0,0,0,0,0,0,1
Sam Khalifa,23,PIT,NL,-0.3,5,18,17,1,3,0,0,0,2,0,0,0,2
Player,Age,Team,Lg,WAR,G,PA,AB,R,H,2B,3B,HR,RBI,SB,CS,BB,SO
Eric King,23,DET,AL,0.0,1,0,0,0,0,0,0,0,0,0,0,0,0
Bob Kipper,22,PIT,NL,0.3,26,36,33,3,8,2,0,0,0,0,0,0,12
Bob Knepper*,33,HOU,NL,-0.3,33,62,51,2,5,2,0,0,1,0,0,1,24
Brad Komminsk,26,MIL,AL,-0.3,7,17,15,0,1,0,0,0,0,1,0,1,7
Bill Krueger*,29,LAD,NL,0.0,2,0,0,0,0,0,0,0,0,0,0,0,0
Mike Krukow,35,SFG,NL,0.2,30,61,54,1,9,2,0,0,7,0,0,2,27
Randy Kutcher,27,SFG,NL,0.2,14,17,16,7,3,1,1,0,1,1,0,1,5
Mike LaCoss,31,SFG,NL,-0.3,39,57,50,2,3,0,0,0,3,0,0,2,16
Dennis Lamp,34,OAK,AL,0.0,2,0,0,0,0,0,0,0,0,0,0,0,0
Les Lancaster,25,CHC,NL,-0.4,27,51,49,2,4,1,0,0,2,0,0,1,19
Bill Landrum,29,CIN,NL,0.0,44,6,5,0,1,0,0,0,0,0,0,0,0
Dave LaPoint*,27,STL,NL,-0.1,6,4,4,0,0,0,0,0,0,0,0,0,3
Tom Lawless,30,STL,NL,-0.3,19,29,25,5,2,1,0,0,0,2,0,3,5
Charlie Lea,30,MON,NL,0.0,1,0,0,0,0,0,0,0,0,0,0,0,0
Terry Leach,33,NYM,NL,-0.1,44,39,33,1,2,0,0,0,0,0,0,2,14
Tim Leary,28,LAD,NL,0.4,39,26,23,1,7,1,0,0,5,0,0,0,5
Craig Lefferts*,29,2TM,NL,0.1,77,7,7,0,2,1,0,0,1,0,0,0,4
Craig Lefferts*,29,SDP,NL,0.0,33,3,3,0,1,0,0,0,0,0,0,0,2
Craig Lefferts*,29,SFG,NL,0.1,44,4,4,0,1,1,0,0,1,0,0,0,2
Greg Legg,27,PHI,NL,-0.1,3,2,2,1,0,0,0,0,0,0,0,0,0
Dave Leiper*,25,SDP,NL,0.0,12,0,0,0,0,0,0,0,0,0,0,0,0
Johnnie LeMaster,33,OAK,AL,-0.4,20,25,24,3,2,0,0,0,1,0,1,1,4
José Lind,23,PIT,NL,2.1,35,157,143,21,46,8,4,0,11,2,1,8,12
Bill Lindsey,27,CHW,AL,-0.1,9,19,16,2,3,0,0,0,1,0,0,0,3
Phil Lombardi,24,NYY,AL,-0.1,5,8,8,0,1,0,0,0,0,0,0,0,2
Aurelio López,38,HOU,NL,0.0,26,2,1,0,0,0,0,0,0,0,0,0,1
Dwight Lowry*,29,DET,AL,-0.3,13,25,25,0,5,2,0,0,1,0,0,0,6
Ed Lynch,31,CHC,NL,0.0,58,18,16,1,3,0,0,0,0,0,0,0,9
Mike Macfarlane,23,KCR,AL,-0.1,8,21,19,0,4,1,0,0,3,0,0,2,2
Greg Maddux,21,CHC,NL,-0.4,34,49,42,3,5,0,0,0,2,0,1,0,9
Mike Maddux*,25,PHI,NL,-0.1,7,4,3,0,0,0,0,0,0,0,0,0,2
Scotti Madison#,27,KCR,AL,0.2,7,17,15,4,4,3,0,0,0,0,0,1,5
Rick Mahler,33,ATL,NL,0.2,40,74,65,4,11,4,0,0,5,0,0,2,19
Rob Mallicoat*,22,HOU,NL,0.0,4,0,0,0,0,0,0,0,0,0,0,0,0
Rick Manning*,32,MIL,AL,-0.3,97,129,114,21,26,7,1,0,13,4,0,12,18
Player,Age,Team,Lg,WAR,G,PA,AB,R,H,2B,3B,HR,RBI,SB,CS,BB,SO
Kirt Manwaring,21,SFG,NL,-0.1,6,8,7,0,1,0,0,0,0,0,0,0,1
Edgar Martínez,24,SEA,AL,0.3,13,46,43,6,16,5,2,0,5,0,0,2,5
Dennis Martínez,33,MON,NL,-0.2,22,53,46,5,3,0,0,0,3,0,0,3,17
Mike Mason*,28,CHC,NL,0.2,18,13,9,1,2,0,0,0,0,0,0,1,4
Roger Mason,29,SFG,NL,0.0,5,9,8,0,1,0,0,0,0,0,0,1,3
Greg Mathews,25,STL,NL,0.2,32,78,68,5,13,1,0,0,3,0,0,3,21
Ron Mathis,28,HOU,NL,0.0,8,2,2,0,0,0,0,0,0,0,0,0,1
Len Matuszek*,32,LAD,NL,-0.2,16,16,15,0,1,0,0,0,0,0,0,1,4
Kirk McCaskill,26,CAL,AL,0.0,1,0,0,0,0,0,0,0,0,0,0,0,0
Bob McClure,35,MON,NL,0.0,52,2,2,0,0,0,0,0,0,0,0,0,0
Lance McCullers#,23,SDP,NL,-0.1,78,16,14,1,1,0,0,0,1,0,0,1,5
Roger McDowell,26,NYM,NL,0.1,56,14,13,1,3,1,0,0,0,0,0,1,5
Andy McGaffigan,30,MON,NL,-0.2,69,21,17,0,0,0,0,0,0,0,0,2,12
Larry McWilliams*,33,ATL,NL,0.0,9,5,5,0,1,0,0,0,0,0,0,0,2
Dave Meads*,23,HOU,NL,0.1,45,4,3,1,1,0,0,0,0,0,0,1,1
Dave Meier,27,TEX,AL,-0.1,13,21,21,4,6,1,0,0,0,0,0,0,4
Orlando Mercado,25,2TM,2LG,-0.1,17,30,27,3,6,1,0,0,2,0,0,3,1
Orlando Mercado,25,DET,AL,-0.3,10,24,22,2,3,0,0,0,1,0,0,2,0
Orlando Mercado,25,LAD,NL,0.2,7,6,5,1,3,1,0,0,1,0,0,1,1
Keith Miller,24,NYM,NL,1.1,25,57,51,14,19,2,2,0,1,8,1,2,6
Randy Milligan,25,NYM,NL,,3,2,1,0,0,0,0,0,0,0,0,1,1
Greg Minton#,35,SFG,NL,0.0,15,3,2,0,0,0,0,0,0,0,0,0,1
Paul Mirabella*,33,MIL,AL,0.0,1,0,0,0,0,0,0,0,0,0,0,0,0
John Mitchell,21,NYM,NL,-0.1,20,41,35,1,4,1,0,0,1,0,0,0,14
Jeff Montgomery,25,CIN,NL,0.0,14,2,2,0,0,0,0,0,0,0,0,0,1
Mike Moore,27,SEA,AL,0.0,1,1,1,0,0,0,0,0,0,0,0,0,0
Jeff Moronko,27,NYY,AL,0.0,7,12,11,0,1,0,0,0,0,0,0,0,2
Jack Morris,32,DET,AL,0.0,3,1,1,0,0,0,0,0,0,0,0,0,0
Darryl Motley,27,ATL,NL,-0.3,6,8,8,0,0,0,0,0,1,0,0,0,1
Jamie Moyer*,24,CHC,NL,0.5,39,75,61,3,14,1,0,0,3,0,0,6,17
Rob Murphy*,27,CIN,NL,-0.1,87,6,5,0,1,0,0,0,0,0,0,0,2
Greg Myers*,21,TOR,AL,-0.2,7,9,9,1,1,0,0,0,0,0,0,0,3
Randy Myers*,24,NYM,NL,0.1,54,7,7,1,2,0,0,0,0,0,0,0,3
Jerry Narron*,31,SEA,AL,-0.2,4,8,8,0,0,0,0,0,0,0,0,0,2
Gene Nelson,26,OAK,AL,0.0,1,0,0,0,0,0,0,0,0,0,0,0,0
Player,Age,Team,Lg,WAR,G,PA,AB,R,H,2B,3B,HR,RBI,SB,CS,BB,SO
Rob Nelson*,23,2TM,2LG,-0.5,17,37,35,1,5,1,0,0,1,0,0,1,20
Rob Nelson*,23,OAK,AL,-0.3,7,25,24,1,4,1,0,0,0,0,0,0,12
Rob Nelson*,23,SDP,NL,-0.2,10,12,11,0,1,0,0,0,1,0,0,1,8
Tom Newell,24,PHI,NL,0.0,2,0,0,0,0,0,0,0,0,0,0,0,0
Al Newman#,27,MIN,AL,0.4,110,349,307,44,68,15,5,0,29,15,11,34,27
Carl Nichols,24,BAL,AL,0.3,13,23,21,4,8,1,0,0,3,0,0,1,4
Tom Niedenfuer,27,LAD,NL,0.0,15,0,0,0,0,0,0,0,0,0,0,0,0
Phil Niekro,48,ATL,NL,0.0,1,1,1,0,0,0,0,0,0,0,0,0,0
Otis Nixon#,28,CLE,AL,-0.4,19,20,17,2,1,0,0,0,1,2,3,3,4
Junior Noboa,22,CLE,AL,-0.3,39,88,80,7,18,2,1,0,7,1,0,3,6
Dickie Noles,30,2TM,2LG,-0.2,42,11,11,0,0,0,0,0,0,0,0,0,5
Dickie Noles,30,CHC,NL,-0.2,41,11,11,0,0,0,0,0,0,0,0,0,5
Dickie Noles,30,DET,AL,0.0,1,0,0,0,0,0,0,0,0,0,0,0,0
Eric Nolte*,23,SDP,NL,-0.1,12,25,21,0,2,0,0,0,0,0,0,1,11
Nelson Norman#,29,MON,NL,-0.2,1,4,4,0,0,0,0,0,0,0,0,0,1
José Núñez,23,TOR,AL,0.0,1,0,0,0,0,0,0,0,0,0,0,0,0
Charlie O'Brien,27,MIL,AL,0.3,10,40,35,2,7,3,1,0,0,0,1,4,4
Bob Ojeda*,29,NYM,NL,0.0,10,16,14,3,1,0,0,0,0,0,0,2,4
Ed Olwine,29,ATL,NL,0.0,27,1,0,0,0,0,0,0,0,0,0,0,0
Randy O'Neal,26,2TM,NL,0.1,18,22,20,4,3,0,0,0,1,0,0,1,4
Randy O'Neal,26,ATL,NL,0.0,17,21,19,4,2,0,0,0,1,0,0,1,4
Randy O'Neal,26,STL,NL,0.1,1,1,1,0,1,0,0,0,0,0,0,0,0
Jesse Orosco,30,NYM,NL,-0.1,58,9,8,0,0,0,0,0,0,0,0,0,7
Pat Pacillo,23,CIN,NL,-0.1,13,13,11,1,1,1,0,0,0,0,0,1,6
Vicente Palacios,23,PIT,NL,0.0,6,9,9,1,1,0,0,0,0,0,0,0,4
Mark Parent,25,SDP,NL,-0.4,12,25,25,0,2,0,0,0,2,0,0,0,9
Jeff Parrett,25,MON,NL,-0.1,45,5,5,0,0,0,0,0,0,0,0,0,3
Bob Patterson,28,PIT,NL,-0.1,15,13,12,1,1,0,0,0,0,0,0,0,3
Bert Peña,27,HOU,NL,-0.5,21,49,46,5,7,0,0,0,0,0,0,2,7
Alejandro Peña,28,LAD,NL,-0.1,37,14,13,0,1,0,0,0,0,0,0,0,5
Hipólito Peña*,23,PIT,NL,0.0,16,6,6,0,1,0,0,0,0,0,0,0,3
Pascual Pérez,30,MON,NL,-0.3,12,25,24,3,1,0,0,0,0,0,0,0,8
Jon Perlman*,30,SFG,NL,0.0,10,0,0,0,0,0,0,0,0,0,0,0,0
Pat Perry*,28,2TM,NL,0.0,57,7,7,0,1,0,0,0,0,0,0,0,1
Pat Perry*,28,STL,NL,0.0,45,7,7,0,1,0,0,0,0,0,0,0,1
Player,Age,Team,Lg,WAR,G,PA,AB,R,H,2B,3B,HR,RBI,SB,CS,BB,SO
Pat Perry*,28,CIN,NL,0.0,12,0,0,0,0,0,0,0,0,0,0,0,0
Steve Peters*,24,STL,NL,0.0,12,2,2,0,0,0,0,0,0,0,0,0,2
Chris Pittaro#,25,MIN,AL,0.0,14,13,12,6,4,0,0,0,0,1,0,1,0
Alonzo Powell,22,MON,NL,-0.5,14,46,41,3,8,3,0,0,4,0,0,5,17
Joe Price,30,SFG,NL,0.0,20,6,6,1,1,0,0,0,1,0,0,0,3
Luis Quiñones#,25,CHC,NL,-0.3,49,111,101,12,22,6,0,0,8,0,0,10,16
Mike Ramsey#,26,LAD,NL,-0.8,48,138,125,18,29,4,2,0,12,2,4,10,32
Dennis Rasmussen*,28,CIN,NL,-0.1,7,16,15,1,1,0,0,0,0,0,0,1,7
Shane Rawley,31,PHI,NL,0.1,37,93,79,5,12,1,1,0,4,1,0,1,31
Jeff Reardon,31,MIN,AL,0.0,3,0,0,0,0,0,0,0,0,0,0,0,0
Jody Reed,24,BOS,AL,0.1,9,35,30,4,9,1,1,0,8,1,1,4,0
Rick Renteria,25,SEA,AL,-0.1,12,11,10,2,1,1,0,0,0,1,0,1,2
Jerry Reuss*,38,2TM,NL,0.0,8,10,8,0,1,1,0,0,0,0,0,0,5
Jerry Reuss*,38,LAD,NL,0.0,1,0,0,0,0,0,0,0,0,0,0,0,0
Jerry Reuss*,38,CIN,NL,0.0,7,10,8,0,1,1,0,0,0,0,0,0,5
Gil Reyes,23,LAD,NL,0.0,1,0,0,0,0,0,0,0,0,0,0,0,0
Dave Righetti*,28,NYY,AL,0.0,1,0,0,0,0,0,0,0,0,0,0,0,0
Wally Ritchie*,21,PHI,NL,0.0,49,4,4,0,1,0,0,0,0,0,0,0,1
Luis Rivera,23,MON,NL,-0.2,18,33,32,0,5,2,0,0,1,0,0,1,8
Billy Jo Robidoux*,23,MIL,AL,-0.6,23,70,62,9,12,0,0,0,4,0,1,8,17
Ron Robinson,25,CIN,NL,-0.1,48,42,36,4,7,0,0,0,2,0,0,0,14
Rick Rodriguez,26,OAK,AL,0.0,1,0,0,0,0,0,0,0,0,0,0,0,0
Tom Romano,28,MON,NL,-0.1,7,3,3,1,0,0,0,0,0,0,0,0,1
Ed Romero,29,BOS,AL,-1.1,88,256,235,23,64,5,0,0,14,0,2,18,22
Kevin Romine,26,BOS,AL,-0.3,9,26,24,5,7,2,0,0,2,0,0,2,6
Mark Ross,32,PIT,NL,0.0,1,0,0,0,0,0,0,0,0,0,0,0,0
Bruce Ruffin#,23,PHI,NL,-0.8,35,81,73,3,4,1,0,0,3,0,0,2,39
Joe Sambito*,35,BOS,AL,0.0,1,0,0,0,0,0,0,0,0,0,0,0,0
Alejandro Sánchez,28,OAK,AL,-0.1,2,3,3,0,0,0,0,0,0,0,0,0,1
Nelson Santovenia,25,MON,NL,0.0,2,1,1,0,0,0,0,0,0,0,0,0,0
Mackey Sasser*,24,2TM,NL,-0.3,14,27,27,2,5,0,0,0,2,0,0,0,2
Mackey Sasser*,24,SFG,NL,-0.1,2,4,4,0,0,0,0,0,0,0,0,0,0
Mackey Sasser*,24,PIT,NL,-0.2,12,23,23,2,5,0,0,0,2,0,0,0,2
Jack Savage,23,LAD,NL,0.0,3,0,0,0,0,0,0,0,0,0,0,0,0
Dave Sax,28,BOS,AL,-0.1,2,3,3,0,0,0,0,0,0,0,0,0,1
Player,Age,Team,Lg,WAR,G,PA,AB,R,H,2B,3B,HR,RBI,SB,CS,BB,SO
Dan Schatzeder*,32,PHI,NL,-0.1,26,13,12,1,2,0,0,0,0,0,0,1,6
Bill Scherrer*,29,CIN,NL,0.0,23,1,1,0,0,0,0,0,0,0,0,0,0
Calvin Schiraldi,25,BOS,AL,0.0,1,0,0,0,0,0,0,0,0,0,0,0,0
Don Schulze,24,NYM,NL,0.1,5,5,2,1,0,0,0,0,1,0,0,2,2
Mike Scott,32,HOU,NL,-0.2,36,91,80,4,10,0,0,0,3,0,0,3,32
Bob Sebra,25,MON,NL,0.1,36,57,51,2,8,1,0,0,1,0,0,2,16
Mike Sharperson,25,2TM,2LG,0.1,42,142,129,11,29,6,1,0,10,2,1,11,20
Mike Sharperson,25,TOR,AL,-0.3,32,105,96,4,20,4,1,0,9,2,1,7,15
Mike Sharperson,25,LAD,NL,0.4,10,37,33,7,9,2,0,0,1,0,0,4,5
Razor Shines#,30,MON,NL,-0.1,6,11,9,0,2,0,0,0,0,1,0,1,0
Craig Shipley,24,LAD,NL,-0.6,26,35,35,3,9,1,0,0,2,0,0,0,6
Eric Show,31,SDP,NL,-0.4,34,78,70,5,5,1,0,0,2,0,0,0,28
Matt Sinatro,27,OAK,AL,-0.1,6,3,3,0,0,0,0,0,0,0,0,0,1
Doug Sisk,29,NYM,NL,-0.1,55,5,5,0,0,0,0,0,0,0,0,0,3
John Smiley*,22,PIT,NL,0.0,63,7,7,1,1,1,0,0,1,0,0,0,1
Lee Smith,29,CHC,NL,0.0,63,2,2,0,0,0,0,0,0,0,0,0,1
Ozzie Smith#,32,STL,NL,6.4,158,706,600,104,182,40,4,0,75,43,9,89,36
Zane Smith*,26,ATL,NL,-0.2,41,94,76,6,10,1,1,0,6,1,0,3,14
Pete Smith,21,ATL,NL,-0.1,6,12,11,0,1,0,0,0,0,0,0,0,1
Bryn Smith,31,MON,NL,-0.1,26,54,44,2,6,3,0,0,4,0,0,1,10
Brick Smith,28,SEA,AL,-0.2,5,10,8,1,1,0,0,0,0,0,0,2,4
Dave Smith,32,HOU,NL,0.1,50,3,2,0,1,0,0,0,0,0,0,1,1
Nate Snell,34,DET,AL,0.0,1,0,0,0,0,0,0,0,0,0,0,0,0
Ray Soff,28,STL,NL,0.0,12,1,1,0,0,0,0,0,0,0,0,0,1
Julio Solano,27,HOU,NL,0.0,11,2,2,0,0,0,0,0,0,0,0,0,2
Lary Sorensen,31,MON,NL,0.0,23,11,8,0,0,0,0,0,0,0,0,1,5
Mario Soto,30,CIN,NL,-0.1,6,12,12,1,1,0,0,0,0,0,0,0,3
Pete Stanicek#,24,BAL,AL,-0.1,30,124,113,9,31,3,0,0,9,8,1,8,19
Steve Stanicek,26,MIL,AL,0.1,4,7,7,2,2,0,0,0,0,0,0,0,2
Bob Stanley,32,BOS,AL,0.0,1,0,0,0,0,0,0,0,0,0,0,0,0
Matt Stark,22,TOR,AL,-0.4,5,12,12,0,1,0,0,0,0,0,0,0,0
Randy St. Claire,26,MON,NL,0.1,44,8,6,0,2,0,0,0,0,0,0,0,1
James Steels*,26,SDP,NL,-0.3,62,81,68,9,13,1,1,0,6,3,2,11,14
Sammy Stewart,32,CLE,AL,0.0,1,0,0,0,0,0,0,0,0,0,0,0,0
Dave Stieb,29,TOR,AL,0.0,1,0,0,0,0,0,0,0,0,0,0,0,0
Player,Age,Team,Lg,WAR,G,PA,AB,R,H,2B,3B,HR,RBI,SB,CS,BB,SO
Rick Sutcliffe*,31,CHC,NL,0.5,35,100,81,8,12,5,1,0,6,1,0,7,19
Greg Tabor,26,TEX,AL,0.0,9,9,9,4,1,1,0,0,1,0,0,0,4
Dorn Taylor,28,PIT,NL,0.1,15,18,18,1,3,0,0,0,0,0,0,0,3
Kent Tekulve,40,PHI,NL,0.2,90,3,1,1,0,0,0,0,0,0,0,1,0
Walt Terrell*,29,DET,AL,0.0,2,0,0,0,0,0,0,0,0,0,0,0,0
Scott Terry,27,STL,NL,0.0,11,2,2,0,0,0,0,0,0,0,0,0,0
Bob Tewksbury,26,CHC,NL,-0.1,7,5,5,0,0,0,0,0,0,0,0,0,4
Bobby Thigpen,23,CHW,AL,0.0,2,0,0,0,0,0,0,0,0,0,0,0,0
Andre Thornton,37,CLE,AL,-1.1,36,97,85,8,10,2,0,0,5,1,0,10,25
Lou Thornton*,24,TOR,AL,-0.1,12,3,2,5,1,0,0,0,0,0,1,1,0
Gary Thurman,22,KCR,AL,0.3,27,90,81,12,24,2,0,0,5,7,2,8,20
Mark Thurmond*,30,DET,AL,0.0,2,0,0,0,0,0,0,0,0,0,0,0,0
Jay Tibbs,25,MON,NL,0.0,19,28,25,4,3,1,0,0,0,0,0,3,10
Freddie Toliver,26,PHI,NL,-0.1,10,7,5,1,0,0,0,0,0,0,0,0,2
Tim Tolman,31,DET,AL,-0.1,9,21,12,3,1,1,0,0,1,0,0,7,2
Steve Trout*,29,CHC,NL,-0.1,11,29,26,1,4,0,0,0,0,0,0,0,9
John Tudor*,33,STL,NL,0.1,17,40,35,1,7,0,0,0,5,0,0,2,6
Lee Tunnell,26,STL,NL,0.0,33,20,17,1,4,0,0,0,3,0,0,0,5
Randy Velarde,24,NYY,AL,-0.2,8,22,22,1,4,0,0,0,1,0,0,0,6
Max Venable*,30,CIN,NL,-0.2,7,7,7,2,1,0,0,0,2,0,0,0,0
Dave Von Ohlen*,28,OAK,AL,0.0,1,0,0,0,0,0,0,0,0,0,0,0,0
Bob Walk,30,PIT,NL,0.1,39,27,26,6,6,0,0,0,5,0,0,0,6
Chico Walker#,29,CHC,NL,-1.2,47,121,105,15,21,4,0,0,7,11,4,12,23
Ty Waller,30,HOU,NL,0.0,11,6,6,1,1,1,0,0,0,0,0,0,3
Gene Walter*,26,NYM,NL,0.1,21,3,1,0,0,0,0,0,0,0,0,1,0
U L Washington#,33,PIT,NL,0.0,10,14,10,1,3,0,0,0,0,0,0,2,3
Jim Weaver*,27,SEA,AL,0.0,7,6,4,2,0,0,0,0,0,1,1,2,3
Walt Weiss#,23,OAK,AL,0.6,16,29,26,3,12,4,0,0,1,1,2,2,2
Bob Welch,30,LAD,NL,0.3,38,98,83,5,13,0,0,0,5,0,0,7,24
Brad Wellman,27,LAD,NL,0.0,3,4,4,1,1,0,0,0,1,0,0,0,1
Ed Whitson,32,SDP,NL,-0.2,36,76,65,1,8,1,0,0,4,0,0,1,17
Jerry Willard*,27,OAK,AL,0.0,7,8,6,1,1,0,0,0,0,0,0,2,1
Reggie Williams,26,LAD,NL,-0.5,39,42,36,6,4,0,0,0,4,1,1,5,9
Frank Williams,29,CIN,NL,-0.1,85,6,5,0,0,0,0,0,0,0,0,0,1
Tack Wilson,31,CAL,AL,0.0,7,4,2,5,1,0,0,0,0,0,0,1,0
Player,Age,Team,Lg,WAR,G,PA,AB,R,H,2B,3B,HR,RBI,SB,CS,BB,SO
Robbie Wine,24,HOU,NL,-0.6,14,31,29,1,3,1,0,0,0,0,0,1,10
Jim Winn,27,CHW,AL,0.0,1,0,0,0,0,0,0,0,0,0,0,0,0
Bobby Witt,23,TEX,AL,0.0,1,1,1,0,0,0,0,0,0,0,0,0,1
Ed Wojna,26,SDP,NL,-0.1,5,5,5,0,0,0,0,0,0,0,0,0,1
Mike Woodard*,27,SFG,NL,-0.2,10,19,19,0,4,1,0,0,1,0,0,0,1
Todd Worrell,27,STL,NL,-0.1,75,11,10,0,1,0,0,0,0,0,0,0,6
Butch Wynegar#,31,CAL,AL,0.0,31,102,92,4,19,2,0,0,5,0,0,9,13
Curt Young,27,OAK,AL,0.0,1,1,1,0,0,0,0,0,0,0,0,0,0
Matt Young*,28,LAD,NL,0.0,47,3,3,0,0,0,0,0,0,0,0,0,2
Steve Ziem,25,ATL,NL,0.0,2,0,0,0,0,0,0,0,0,0,0,0,0
Paul Zuvella,28,NYY,AL,-0.5,14,36,34,2,6,0,0,0,0,0,0,0,4
League Average,,,,,,,,,,,,,,,,,
